﻿assign,eid
,003ffe3f-d012-40b6-9cd6-ba94cf235ae2
,0119443f-a2f2-400d-a970-f8ab0d856f4a
转增,0125e29f-f208-42a5-a06b-2b3c1cdf3b58
现金分红,03c6ab90-be73-4416-8189-fe12125b2932
,01476e8c-acc8-4860-9bd6-9c667380c3fb
不分配,06fc37e2-8bf5-4e36-adc2-387f6a96a4ad
,033b352f-178f-48ea-ae28-e7a462dd48d9
转增,06a31419-c821-4c09-bf33-14950d2ada63
不分配,03c03a09-20e5-4fa0-83a8-42a47c1ebf0b
不分配,08736812-22ed-4352-aa70-76bc6a687137
转增,070c9a15-d1ee-427f-8809-36e4018da818
转增,0f8128b3-16d1-4df6-b08c-1c7589bb7f50
,09081269-3311-49b5-b995-2879ea693cbd
,06c07fce-df8c-4f88-85e0-14863d44c012
,0e724f0d-c7d6-4ef0-9f62-32b36e48d87c
,09d547bc-bb2b-4ed2-8ed6-a60f27e1eee7
,050cdcde-10ea-4972-a252-d2361496a10b
送股,0c29f988-cc0e-424a-8b74-0ba61120066f
转增,12373795-9cdc-4b6a-a245-25cc386bc680
,0ca7b8b0-0c42-405e-976a-028ea24d82df
转增,0a6bd6b9-b714-47f6-bcab-b0f9627115b7
,086247a5-a682-4697-b5c0-d4c13788cb49
,05f772fe-3956-419f-87cb-00a63da32f9b
现金分红,0e4372b7-2e8f-4d27-8158-c314b6123bad
现金分红,0aa4e294-387d-42bf-9b2f-4ce4b90634d7
不分配,06a3dba8-9496-4edd-acb0-efedd367e03b
送股,0c396595-8d0f-4142-8ada-37b0eca377aa
,098cf426-1398-4f25-8e4a-e46df88442c9
现金分红,09dbc27e-8a70-4d06-a725-7315c562ab39
现金分红,11ac4ea4-8231-4cd0-8543-ce1211cd9715
转增,1342ef6c-e28c-4f2e-854c-97688f47d308
转增,0f08c3fe-c6ac-4b60-91ca-4927c6ccefb4
,0c5b92c6-b789-4b40-838f-11ff74a8a437
现金分红,0fa3b0c8-9ae0-4693-9c22-fc991ff7c84b
不分配,0ccf1b6c-2152-4dda-bd3a-8451d35dd819
现金分红,0f20c788-7dbf-4c8b-a4b1-78ca0f314934
转增,12710f04-fbef-49f0-9f07-784b22827dde
不分配,1196f6cb-4fa2-4775-bf0f-1ea0ad628abd
送股,0d60c4d6-aa98-44a2-982f-7862cccb1eb2
送股,0d37b5aa-68d2-4f98-9e05-f91d156b0329
不分配,0fbdb147-75d7-4a12-9935-e484dcf2cab3
送股,0f4a7fd6-41f3-4325-96a2-1b40dfc42277
,15b76ace-df8e-4675-afd4-749b9fa3a855
,18af736c-06e1-40ed-85db-497597c9d588
送股,1c55f341-228f-4c7c-b813-0e99365c6fc0
不分配,1ab35277-0668-46d5-8a2b-47c82e5646d6
送股,1348e2c1-acd4-4b43-ba4f-a06af321158b
现金分红,205e8059-5d13-4d53-847d-4db5184016ec
,0e8a1c5f-e52f-42dc-b91c-5c5daa1daed9
送股,1f344158-89f2-48a9-87f3-e058aca21a16
不分配,15c216bf-2740-4a60-8796-ea73f5ef7727
,1dc1e8da-0b50-4c3c-b385-1feb7f1a92a8
,15de6a81-d469-45b5-a3f7-9ff16d08244b
送股,107b1574-b5d4-4cc9-be21-ec36835bd3f9
,217d826b-befb-4cb3-82ed-e9e62b47ca20
,16fc32ed-7a7b-44e2-9edb-198417e435db
,21ec26c7-1136-4278-9597-7c6f40c9aa00
不分配,1b9706f4-2db6-42b9-aa92-af7ffed7fa13
,1c1bce3d-c04c-46aa-ada5-f281a5955713
不分配,217b8b05-43c8-455f-b330-9c804f3d66a2
现金分红,28205a22-963b-4184-9468-a03b5cfe8ff1
送股,20162b2f-d693-4a10-94bb-7ba388d1a0d8
现金分红,1c923a76-c1f2-4fbd-86f6-b5f53deb3a93
,29c04961-b9f7-4b51-89f4-a6bc681750ec
现金分红,2b8d6151-e511-4d14-8253-0907d0898d9c
转增,1a532119-bc49-41ab-92a7-5e48ca3acabb
现金分红,1f1113d5-741b-4f52-991a-3b47c860e5d7
现金分红,218a2135-e39c-4888-beb0-fc69ea8f731a
不分配,2745f8ba-6419-45e0-b5f6-487f34e180e8
不分配,2c232ff7-fc9c-4e2e-a772-3102f95e8ae1
不分配,2b4abac8-4120-49e8-b87b-d253322aaea8
送股,21605d5f-400f-42ca-ae93-14a1669b9b54
,2cecaa52-2808-487b-b1ab-36e15ee46358
转增,2d61146d-57e4-42da-881c-33f86acd10ee
送股,3072a2e4-4800-45ca-8981-e5a4b341763c
转增,2abb1ee8-bd79-4d88-859c-c88e332b31e2
,2b0f198a-24ac-450e-ba6e-36c5c21b8022
,2bd8ec9b-d2d5-4c1a-9504-a64cdceda4a2
,2ca172b6-6d93-4499-8393-0faa3ea97d7d
现金分红,2a6ec087-025a-4c1b-81ac-985da948f28a
转增,26c78844-59d0-498c-923b-0987dd898e19
现金分红,2c855538-bf01-46c1-9deb-69e93b105780
,260d335e-c813-4701-b01a-5e56be4e4f07
转增,36683484-724e-4eb3-b656-0932ad6bfc8c
不分配,2cbcc12f-00a1-43cc-8af1-630c49102370
转增,2b56b6f2-2022-4fe7-b955-1d8120f363df
,2a163b06-2367-43b6-9049-e2ddef334fd7
,2d2b451e-995b-4459-9846-d98ca2f040bf
现金分红,3305766e-e827-4a5a-9e80-18a1e4fd6a3d
送股,2d412ae8-de07-4896-bdf5-f72ad5e800ff
,2d990ba3-10b9-4b51-904e-f71c7ec6a676
,30d70875-9b02-4a5d-9fb4-13737aee7c80
,35094acf-43e9-435b-944f-9e7d076a9b5d
,2f3ff75c-e1b8-4dcd-99bf-204990395576
现金分红,2343b1e2-7ecc-4589-9e5a-ad24d97e7f9b
现金分红,3132182b-9980-4f48-b206-49427a3d649a
转增,391dbca4-9960-49ab-9788-26ac94e6110e
现金分红,320f239c-4e8a-4239-b0d4-74a1499aee0a
,3c62afe9-f56e-4e73-a523-dc2859399dbe
,3306557a-4f6a-4bcb-a089-cd18a077b577
转增,32daee30-ecf6-4d98-8900-271520e65d4f
,400ea29e-63e6-417f-8c77-859830def3a1
转增,3ff34a74-10f3-4393-85a8-8510c2ad1e9c
转增,28becbff-0f18-40ef-8688-44a68aefd59b
,3344e765-dd57-4f49-b3ce-12cf2a5b331f
不分配,341694b0-2c82-458a-9f1f-1091128afd00
现金分红,39e04b07-8bee-44a1-93f0-6c47ee422b9d
转增,347ed934-7e8e-4a5f-9743-b72c6f55097f
,344644b2-1248-41ab-b4d3-6497a6dd6f7a
,49e97fd2-bb47-4bde-bd44-c61295d48a61
不分配,3578de6b-ddaa-477c-9071-19e4a7c39f4a
送股,386f4ace-64eb-4cd4-856a-c988f5ba1f07
,4b7f1c83-5b3d-4da7-b30e-df75eaf47041
送股,2ff25ac9-5ad2-4b86-9925-e3bc65f34beb
送股,2d316e4f-95cd-459d-8018-000da0732909
现金分红,36bd124c-343f-40bf-bf00-d4208b5cbf6a
,3dfccfda-90b5-4821-971e-88eeed03124f
不分配,2e27b827-3ff2-4d6e-97ee-a8fb24a6c089
转增,31f968b3-b606-48fb-84f2-7fe633f0a35b
,3e2cb57c-4df1-4b5d-b6f4-5cf752277066
不分配,3c045d39-5480-4042-b483-b3063e8d1454
,31cc7afd-0004-4195-ab96-c6e37d150629
,409fea81-76d7-41a1-be08-8ecf0d789b5f
送股,3dc5dca8-edd4-441d-8fe7-7edace3b499a
现金分红,487e49ef-c964-438c-8617-a4dd6213bece
,3de8dd27-9a14-44a3-b025-97b79f71abe4
不分配,3faf8dc9-e065-45f3-a172-298650a62d36
,42adfa97-4469-4975-a6ff-9f2190fa70ed
现金分红,4bc13963-473c-44b6-a127-74a6dd7ccc8c
送股,46ad9359-d844-492a-8e0f-762e50bcd058
送股,420b00a4-f397-4e6f-87b3-f369e496f997
送股,4b7181d3-b4bf-4844-a654-9e8ab0b7a015
,412d1163-4318-4dd6-a6b4-022cd98d03b4
,33bc6723-6b51-4eee-a46a-c2198c982cf9
,4b51f6d1-0a8f-4acd-9f89-e27987b7395e
,356c6dd5-678c-4c80-b6c3-0b67c2d009d3
,4598931f-578d-41af-95d5-f529f7fd1ecf
不分配,4362c9b2-d028-46bb-9f8f-8403d34b9e26
转增,517e1c93-d6f1-4417-b5c4-1fcb3f6d0d85
送股,4dc8b45b-5a5c-4ca2-9e7f-daeda512a47c
现金分红,52abb31f-9280-48ce-a05d-efd4515bcc85
现金分红,392b3b63-03fa-498f-9f64-40f9ef84bd2b
送股,386b57f3-2823-425a-b835-d0175df15d43
转增,52abcb18-0380-4ba1-a3c1-d155fbbfaece
转增,512fa2f1-23e3-49ca-b8cb-2accaec59c9c
现金分红,476c385d-0468-41ef-b04f-555ab25f1ba2
转增,4a089757-736a-4a44-a407-51a709f27c37
不分配,3adc810d-96c2-497e-beac-1a5dd10c12a3
送股,48592dd7-cc49-483f-9de1-348f43ead070
转增,4f9b3ed4-09b7-4f02-b5eb-cc1690ef045a
送股,3d945e63-08f6-45ed-9e2b-34100d2b41a9
送股,597df5be-0f76-4d2b-b3e5-a5cb256b2255
,4a88fba2-2503-4ba8-a54f-d391a797c7d7
,49018540-37fd-446a-a71a-03f5f700fa72
送股,4eabfb11-ad27-40cb-a952-d3b9ecb2a1e4
送股,68c33b96-5184-43e2-9783-3368bc50ccb1
现金分红,41022599-020f-497a-a29c-64e7d436e269
,5006881e-9b5c-4402-99cc-7fd43555e927
不分配,55604f46-f260-4ab2-9eff-a8668f96a20a
不分配,5348fe29-4210-4208-a5b5-d32718bc1b4d
,568da720-6ef1-4ab9-9482-cc6eb33ecc58
送股,56b76c94-f986-4af1-a915-34ca79c432bf
送股,5d7abede-13b9-47e6-95a4-7d3120e20205
转增,64dd3963-db0c-4e6b-b2e8-f6588835e8bc
,4cedbb50-0d2d-41d5-95a2-dd7906fbfa20
,64edd520-52c1-4f47-9475-4793e270969c
,450cdea6-61cf-4b99-9d19-91a90bc7fa4b
,596b27d9-9dc7-4352-b1c0-ee417cb2f2ca
转增,6928aa48-2071-4a73-8810-673046ad436c
现金分红,4d52686a-d4fc-4d83-8e22-242a415dedb9
送股,6263691f-e49e-487d-bb5e-31a079445385
不分配,66abe25e-430d-4b00-b271-90c8b2e941c5
现金分红,5cfa4c1d-8c7a-4001-a7ce-f5c782c6f05f
不分配,5d546cc7-295d-44ca-918a-ad4e105d788f
不分配,5e3d0486-0711-4b0f-98a5-664ac70d237a
转增,67a58bc1-8e2e-4275-9e77-b285595d9e35
不分配,5bd8939d-2946-4431-9b2e-abba48801f4e
,508bf06e-135d-4b13-bd98-de83b826b5b9
转增,516e52f9-a3f6-4a59-b8a1-4efd02b118f0
,57e61252-5a10-4c90-bc61-5cd9e68d6982
,617b1b7d-ee61-41ba-b5bd-78d65be599a4
,6da6a051-61fd-4dd0-8dc3-2468b1a74fdc
,4c125f13-77de-41bc-b204-869917b93193
,52490e1d-7240-4e02-8cd1-28700a308180
,5fd388c8-52e4-4ec5-8782-5a9b024514df
,5189cabb-f10a-478c-81fd-df79170bea59
,4c78edb0-21db-452f-96a7-a74c13664fd3
现金分红,48a1a1f4-051f-494d-903a-aaeb1c203beb
,5328b390-5388-4b60-b4c8-07629de4d2e9
不分配,5f8cba3d-6dd8-432f-b597-8d92b365fe4e
,4d9c918a-c59d-4f78-a45e-7116bc485543
转增,6a4bced9-2a54-4cc7-9575-32074d5ba565
,62c9d3dd-8df4-4277-a383-d4df6bca5b9f
,6ddbf94a-ddf9-48dd-8cb4-d03d8b249eb6
,69e1ea51-42de-408f-bcdd-3b7a86989c97
,5727eec0-8a2b-49b5-bf99-d423907e35c9
,667ddae5-e261-4248-80fd-38fc6720e38f
,5fab6e05-74d8-4d52-88dd-5703bc6dea92
,55116ee7-96de-408c-ba50-6c2e27146590
转增,6b55e084-8f51-46ec-ae4e-0c16aa78a547
不分配,77f921d0-4dc5-40e8-8648-036f2a9e739c
,83b54ef7-f41e-4e52-9427-f6febc2f3671
现金分红,602ea2ab-6902-4154-b90c-2d3a29bb82b2
,5a5431da-8a10-427a-884a-2e54f7212b69
,6b1562bb-0ab1-4402-9dc9-67865f8364e4
,6d751a59-694e-4dbd-9f54-be1c6f2186fa
转增,61302b88-30aa-4612-828e-65c2532d5552
送股,5bcebc43-3e9e-47e3-966d-4f51b9149660
,69a33428-e2ed-4caf-bb60-1adee41ef43e
转增,7241615d-a9fa-49ce-b409-e4d37cedbc06
转增,7096f57c-81de-4b30-aaa6-3f876edf4dc7
送股,7327286d-3aa1-42b3-a889-8a80a2210166
不分配,5d2b4de2-3764-4584-8ac3-4ceafd88eb09
现金分红,8578179c-954d-4476-81b2-78d99b49e4d1
,6f52fa62-c0ee-4c3f-89e0-8f34b1e3e9da
现金分红,6d89326d-4170-4bc5-9779-91380f2a7f34
,6e84d298-84f4-42f8-a1d4-e7dca43f96af
,5902fedf-ffee-4309-97b5-5f4c8426aa4b
,65c5b454-fef3-4687-9a27-391b0527f7ed
转增,6ea42f6d-1f49-457c-b73a-2c76376741b4
,5eeabbad-5ca9-44f6-a253-2599430ab443
转增,710951e7-d10b-44e4-ae20-f6701cd7ed5e
,5f33a9f8-2db8-4ade-b03a-e2f2de96f343
,72825575-406d-45d1-90aa-628e4f33190f
不分配,73249574-2237-4a34-a866-36e49deb3e5f
现金分红,6056b883-fcda-4be4-a678-826bddcc60c3
不分配,791ccd27-b693-42fb-9628-95eab2f46e87
转增,77dc1c54-96cc-49e3-9239-b904abfeb7ea
,6139c408-a807-497b-9c69-889fa7ffb0a3
转增,717a31c5-96e0-4c38-9c57-6c3e7df2aec4
,6416af0c-ac4f-45ad-b7cc-f95c0aa727c9
送股,6bc9a8c7-a109-4a44-8140-b927f0c738a2
送股,8c8c9c99-a1f5-4b9b-8181-f920fcb5566c
,7bac7933-b2e5-469f-a284-fdeb48d626ba
,64d87aad-16fa-4a75-9ae7-af8af3cee323
转增,7ee4992e-3185-44a1-a5c9-b9b3b05fad1a
,7b278baa-2b75-464e-9b46-d4ac712aa986
现金分红,66c24a2b-c90e-4fe2-8bef-bab11d4fd050
,812728d0-c352-479b-aa54-435b195f48b7
,7dd87fe8-4bc3-4332-98a7-097a97c705fe
,817ff4ba-cc13-42a2-a6f9-d63e0b61cde7
,77dc1116-b281-4c10-abb2-f3fd9758e0c4
,684c199d-3a4d-40ec-b92e-d82ea3242b33
转增,80307d75-9f70-47a1-a10a-2857cf8d06c6
,6e2571a2-c5b0-4fc9-9516-0e3b71d6c2d9
送股,6bbb32c1-b059-47bc-9644-cb176f584aab
,8124f93f-2b11-4508-a062-cbc137962b46
不分配,7e79e14b-3ec5-4857-a2ea-a33195075f64
,6c9a1540-d904-4afe-bad9-c5ce032fd143
,6cdab923-188f-4796-9948-d7186b081173
,7af6c5cd-7b78-4521-beed-75be2de8a988
现金分红,9d5d2540-a128-4537-94bc-80b43a811441
,8e3cf619-86a3-47e1-ab7f-ecca15f11297
,9d067a46-ae0c-46d7-a73a-777622ab157c
现金分红,7afe48a5-7d2a-4a74-b468-19ebc593d052
,727057c7-7d6c-4bd3-b4a4-bb1137fff353
,8753b108-cc3f-4134-9721-b24003ab48aa
,87cdd633-1dff-4110-b597-14ee51810a3a
,a4be4bea-40c9-4f44-ac97-ded35328fce1
现金分红,9d4340ed-cb87-4fc6-8363-4f174b69c55c
,840829c0-065a-4431-b3c6-94f9cff37818
不分配,884081c3-a22c-4166-a3ff-d62c12bbac8a
不分配,971588f5-b788-4cf3-ac0f-c37cecfab525
不分配,6e5f5e23-ec45-4cd9-a3a2-faeccd3ac909
,a5a4e2eb-3d36-4a83-a584-a1fc8586be11
转增,84ee79ec-9d15-463e-86a5-549fe052fe38
送股,82aa1134-39b2-4920-9a1f-5a5f9907ac9f
,8a9ca4ab-e3d0-45ad-aa0e-e0ff534caa46
,764d4cf4-6cfe-4acc-9c4c-746f52ffd3d3
,7fb1092b-4130-4eb3-bc0a-ae10be3930bd
,726a714d-9184-4ae2-bdd4-7ee86a3c2c00
,a178150a-aca9-4590-90f3-08efd043043c
现金分红,a820ee0f-e253-4e87-a536-3a1f4d471fb1
送股,72541732-99f0-48f7-a155-44ab5bf92379
,9cd7e676-30c7-499b-9329-707b34788ae5
现金分红,79eafe03-8e08-45cd-b527-9cd73450eaf3
,7f1d89ba-e8a9-4463-907f-d559c9cad6b2
现金分红,9937ab04-fcd0-40c2-b9e0-733302802af7
,7f299270-982e-4cd3-922f-19b8b8b54f52
,a04374b9-1517-4bbf-9dc5-5ac378a6d1b5
,73ed772e-8ccb-4445-8b56-9bc5e183a279
,9b85741e-e856-422e-9a66-5362b4486787
,a17c2f90-7a9f-4407-8c75-5bc19de2a955
,92f39f96-8258-499f-896a-379fc7e4bf0a
,877a4533-b298-4e8e-ad75-2de31c5912fd
送股,77311f48-2a4b-4278-906a-33032a5454e0
,809cb61e-9957-4313-ac59-0b7fb712a2e2
转增,935d7acf-e643-4766-8c60-031f1bcba898
,95c09da6-60d7-4259-b738-cdc272e0a3ee
送股,ab3b5b13-073c-405f-b053-eeb6ce5581c1
,76cfafaa-d764-44db-8626-1870437c436b
送股,955f020a-1034-4b77-b712-6113fd33268a
送股,960ae8f3-a290-48d4-8ee3-fae53f92198e
现金分红,9520b365-80f1-4508-8303-0b4c486f9248
不分配,a1dcb93d-f060-4dc6-a90b-003a4fed99b7
转增,775a7c59-e155-4351-b1d6-bf9ef0103bfb
现金分红,88c82ffd-a701-4ce8-9956-650af00a0cfd
转增,9857e67c-cf69-4ca3-a844-4ee65922e7e6
送股,94dcd483-3345-496f-bd45-77fea60cebc4
,ab58405c-5a08-41bc-8db5-43bbe3948975
,a068a353-0bb0-403b-9f7a-8ae1a700a568
不分配,ae6e9019-5f85-4c33-9f27-22c9b9a63717
,a1907536-0cf3-45e7-a137-b4a8e7f01e28
,9f29c3a5-cd6e-4eb8-83ce-b2ab3de1b1ee
,941ee487-d8e5-44bb-8ca0-d9c2c4fe647f
送股,830d6513-1198-4673-9e09-e42face6f1db
送股,b5acd5f3-2b2c-410a-a4c5-a18a8dca8f9c
,ac505660-a839-4aea-84f3-470c4347cf7a
现金分红,9085d59a-99b2-4fe8-9c93-b26683e4c0bd
现金分红,a6ef17c6-6ac8-4fbf-a337-9d82fd4c1088
,87f1f142-6851-47f9-9451-ef3cb4360032
,989f393c-0d73-459b-87c8-6103796111e4
,a316a327-da8f-436d-9e1b-dc6060e87106
现金分红,87e90a03-65ea-46a9-8c79-a48617347b60
,b9426f28-a862-4a43-8234-cc52ecc57515
送股,9857ca48-fa49-4016-bf01-551dfb5e92ff
,aba131d8-038a-4962-b21f-0fb69bcc74e8
,8b15b6e9-8a66-4e86-85d0-b0acc6d74b52
不分配,be69f7d9-f363-4891-be91-2162cb1b182c
,9c89b35c-e5fe-4c30-a2ec-4e7f71d52ab4
送股,93257101-74a7-44d1-a865-2795f7398c4d
不分配,bad86927-cd7a-438d-aafb-b2ebf5084b15
转增,ba42cfa0-e32d-4c0b-8be5-557272966601
,91798d80-b45f-4dab-bee3-65866214398b
,ad385bd2-fdbb-4263-bfd2-caefd28c3ca8
,83cd513d-b04d-44c6-a61e-54979bb0d629
,bc6f244c-02b0-4ebc-b4a6-d5d24bee4cc5
转增,ae3a1ffd-7ab5-4ab8-8241-63ad525324c8
不分配,936443b5-a43a-4f25-9939-4a326fafcac3
不分配,c0830b17-d164-4d96-83a6-caab6b949dc5
,af869911-7147-46fe-9935-6f39e7286da8
,c095050f-bddc-4c37-a90f-a19030c08915
,aa7d72c9-c8bb-474e-bd71-030d8f9f6c26
,abc09ab7-1622-4a29-9069-a93076f0340e
送股,ba6f7209-9bfa-4bd2-b5cd-f86b42bd3c3a
,adff86da-41d3-4fc7-8767-30dfdd0cea36
,8bdcb3d8-4eda-4ad9-8838-2251c7310f30
不分配,86b9f538-7f88-4e99-ace7-aff8e1f27409
,c6288352-e66c-4089-bc97-386627ee5825
,bb6e99cb-d67f-4f1c-be52-15ecf1bc0517
不分配,98dcbbf5-9613-4192-8f85-993d313ba132
,c911853d-dd05-4b02-a799-c5b3fe5bf67c
不分配,c710fa75-b618-45b5-8c45-bcd086fec065
,bd8f58d1-f204-4874-a126-f796b7687b0a
,a535423d-bf25-4e65-adea-57fd111692ff
,a51d3904-4b0c-4cd7-9b05-5e59d0d04804
,c4344170-034f-4cad-838b-4da8b560dcf1
转增,b288c71b-ebeb-44c5-bcf4-11c885745dde
,a68eeb03-418a-4f81-bfed-e6f6dcc8c6df
,ca91eb89-47ae-4283-9c06-2934b69294b5
,d107e0e0-b8f8-4ad6-94f0-795551f7680c
现金分红,a9a2744b-fbaf-46c4-8fdc-ae4d17fc7d34
,c5ff0951-20c0-4126-9b09-ee689be843c7
不分配,9359df53-b481-45d2-bdf5-03acc5bc89b9
,9db686bd-e226-40cf-a64d-30cb0fce91a3
,c5ebeac2-8566-4524-98cd-fbe8b9b89391
,93dd6a3a-a4e4-4a01-a6ea-2f47931f4669
,a6d4b331-013f-46b8-8025-47679843287d
,9454ff3e-6936-461b-aec9-9438068f4b19
,9c24478b-c156-47a6-b892-a4d3857b6d40
,c7abef8a-c7de-4406-91c9-763389a7e361
转增,9c4c8ef5-3f67-4611-846c-c903c85fb650
,c7204a40-b280-4dc7-bac6-0ce1a063b226
送股,be819add-416d-4af3-bd33-339a1b863218
,aa6e4b06-220c-4d89-8ffb-875f7a33cc9b
现金分红,d430704b-0d0f-4e5e-bab3-f0b0ffafd55c
转增,bc694de2-1b4d-4be8-92af-d8b24535ad9e
,ab3406de-0b0e-46a6-85c0-3c0aa9829af4
,cd564493-a86b-40ac-a310-5bbcf3eb3a75
,a2e1262e-bf60-4b0f-8400-9d87eb6ed652
不分配,ab72c722-2662-46ae-b6a5-6a33d55514bb
不分配,aa454288-cff6-4e5a-a782-e783da73611d
,ab873564-044e-42db-8347-4c25eeee5874
,9a9ebf95-d6a8-4008-b0f0-2ab077e0f4a9
,cc326136-c94c-4161-9bb6-211c610b1aa6
转增,c21b2069-014d-43a1-a864-c119607879c8
送股,d001499e-76cb-49f0-a435-4184e35e5e37
现金分红,aa85643a-fa0a-4ac9-9792-fce5aecc231d
送股,ad1da9eb-31af-45ed-ba24-a1949c82378b
现金分红,a3e5b898-bdb7-4811-9fee-df2ac2babb12
现金分红,ad5aa495-17d8-4748-9afe-cd2f7499febb
现金分红,d0a60697-353e-429b-b890-8d6b8540f855
,af3fda8d-76bf-48fd-afbf-8cd8263fa18b
,cf80f578-4147-4ace-8b32-eaea1932ed4a
,a686a839-0a84-4e3f-921d-1bddafa8d993
转增,ac386ac1-ec6d-4fdb-b1a7-83ecd383e1ad
,ade6b228-30d0-4292-a850-4109696803bd
不分配,b3fed5da-5831-4dcf-b41b-43fa90318dc4
不分配,cd2dfed8-a398-4604-8b73-d222ac5fe4e8
现金分红,dd35108c-641a-4415-bf26-f2e7cb5cd796
转增,b7c294b0-4b4f-4271-9ed3-e4316686fa9b
,d6e46e52-6798-467d-b96d-ea896ed6150a
,d82ef50a-7242-4ee3-b0c9-0405c07f5e0a
,d989034e-ab6e-46ac-aff6-e0500571e555
转增,addf44c9-cafa-4f05-a6b8-6351e7f42b12
,a793f933-4ac4-419f-b332-1337dbb31439
,b008e024-0db1-4edc-876d-c9a144179923
送股,db5fcc0f-136c-46f2-9335-3a76bb860d25
,bd322ed0-f34c-4345-a553-8a37fc88dbfb
,b5b9a701-f48c-4a33-b404-d0cc1ba6cee0
现金分红,ccb5548d-f7ae-49ea-b5b5-fb3d9805345e
转增,d42f9bec-0a0b-4519-90bd-ce92d6f41518
不分配,e5b503a9-d91e-4882-a5b0-271e5b3084b6
现金分红,b42236db-c272-4f64-ae98-100ad00672f3
转增,e695af15-b2c1-406f-8e9e-51644a7526d6
送股,b617c709-ee48-40d0-ae34-f8c28dcd3583
转增,d80abed5-b01d-42ac-84d1-1d6ed9cba7f8
转增,bb31dd08-1472-4711-b702-c96c307b21c4
现金分红,d86e1568-f5b9-452a-a9df-554a293006b8
,e8aba978-a37d-4814-a8e0-11cbe17af316
,c239711b-8698-48a7-bfb1-31d90cfb911b
现金分红,e55d41ad-4d55-40a8-aa55-679303a557ec
,b82d984a-6aeb-460c-ad57-60952dde7993
,b9ecb670-d948-41a8-841a-ac6df68bc5d0
现金分红,aea36fd0-035f-4768-8d4e-4290052eacf9
,bbb91ba4-4bd7-45b8-844b-55a848b7b13d
,e64a38e1-1884-426d-87ae-3bb042ba6fd1
现金分红,c3d7ca57-6e30-487f-aa67-feab51fdb7d4
现金分红,e051862c-98a2-4a37-b3f6-dd65545a5ae8
,c75b3a90-a0c4-4b64-ae48-1be9473d16eb
,e1cb8a71-91ea-40b0-b7c9-13eb0d7ac47a
现金分红,bd4958a8-57a2-46f9-a5dd-0d682c2f4f8d
,b5d6b0f2-edcf-4b72-b430-5a902d7a8169
转增,e1a168ba-ba2e-42c7-aa75-1174eade6bc8
转增,e24482bc-7966-475a-9a59-97661d8481ba
,d19b50d9-72a9-4bec-a74d-d745e64350bf
,b9eab3fc-6c9a-4324-b93a-375a41e3c899
送股,ece1f0b0-9944-460b-bd9c-b30756c35315
送股,d569fc40-2040-4e45-8332-09954ad317af
不分配,bf69c1d0-beab-4d53-85ec-9ab9daf0f952
,ec6e2363-e3e3-4d7b-a0e5-468d99aa5691
,efe184b3-9ace-46c2-9484-a7cc554fdd05
,dc3fc566-8aac-4445-be44-c175389277de
不分配,c09b324e-8075-441d-b1a5-6e2b2afc5e02
,c0e4ff19-8c7c-4e09-a49e-dd9bce35116d
转增,c00066f7-b18f-4ca0-a8d8-c7c25bf20f99
现金分红,edfccdd5-36e8-4fb6-b01b-6710eae2958a
,d42a679e-938a-45f8-8546-518e0e6f27e4
转增,f58c29bf-77ac-449f-92a7-b6965cfd1306
现金分红,f24120c8-ad09-44cd-9629-f70a3efa3cfc
转增,f0af7532-dc58-45e8-bf24-0d03bfa11ec5
现金分红,eea0cb9f-4282-4c27-af12-b63e94f222f1
,edb47409-9fb0-40a1-a1bc-bf2ec380b0e8
,c4f688ec-d7c4-42fa-af9f-cbd8461ae102
现金分红,d8a6648a-ccca-48e8-8824-e9b2314afcdf
,f2e97672-134b-4e22-918f-d7bdd05e2875
不分配,f4fd349e-9361-4377-b8cc-515d21956d8c
,f7176607-ac85-4ab2-8bc6-b1d05c721266
,df1c01a5-a5e3-4365-a74b-54481fb2ccae
现金分红,c87cebbb-40b8-46a2-92ed-ae93471ef8ed
不分配,f220f310-7c90-42c4-9dbe-1a7b731bd0b1
转增,f619afa2-6ee8-40cc-8980-7e30107b7f9c
现金分红,d2107c91-e89b-4f79-88ff-4ed91bcb1110
转增,c73dff0a-8713-48c3-9251-b6984ace2ae3
不分配,ce76716d-190f-4112-8d10-4727350c1a12
送股,e19bd2d8-0fdb-427f-a07b-b8551adab81e
,d8e37b82-3b5c-4e35-a420-02c5a8ad136b
现金分红,e0663392-7f1f-40f2-8a10-b0dc20be26d4
,f854a1f9-7cce-4fba-bbe5-b523e0103e96
,f78d9e7e-3188-4141-894a-f3ae5b685891
,d47406c5-bea2-4822-bc08-c5fe26fec920
转增,f9f604f4-d636-449c-b709-c119dde58d15
,d1f63c1f-b6ee-40f6-8d6a-1c2cd8d14669
,e0ac8b46-5ed9-42a2-96d9-6ec9397e084b
,fd4a3e3b-f67f-4629-bad9-a0c8e2ecc2cc
,d587287e-a1a5-49cd-87fc-caf6cc899f70
现金分红,d08ff984-59e2-412a-bc45-7377e58f42b3
,e3584d5a-df3c-4011-b497-276926915b2f
,d3d0bb23-d351-48a8-a347-119457dd8389
,e3a07285-4553-45c9-ad5d-4a74892b1dfb
,e40df796-c8b8-4835-8b1f-aadc7c4e9f2b
,fb2c6327-1363-4ee6-b578-01cd8c07fb77
,e4b707c2-f29b-404e-8348-c2317d7234a2
,ea3ee12d-0165-4dd7-8e52-1e1f7dbcde7e
送股,fd0325ec-bbf7-43eb-abd1-e63a3d2d5667
现金分红,e7a94e62-8d17-49e2-ad95-613dc25ef2c2
,eb69ee9d-2671-4e0c-96b4-aff41b2db51e
送股,e86656de-318b-4e50-beed-02756faa6740
转增,ea1f7238-9422-489e-a672-1abd33ff0db0
,df8b6645-e9a0-4113-8446-c822f32bf92d
,e12ab92f-b8cf-440c-8bd3-f80b2d0e01f9
送股,edc5b3df-fcd7-4e50-bca3-20d11cde08f2
现金分红,f164f660-c8c1-4353-a82a-f8cb16adb8bf
不分配,f5f3f258-e117-412b-9016-ed6fee769b0b
不分配,db426c59-4e2b-46af-a75b-771ed20c2013
,f22f1632-77fd-4765-bf6c-eb409e7ba5c2
转增,f8402708-113f-4f07-97ae-d7941f6f89e0
现金分红,ea2cae30-cea3-4dd6-ad73-fb43ebf1519d
现金分红,e61b06a9-dd01-4148-9e7a-2b1a64c2eba9
,f98312e8-d699-4469-b5a6-ad67ea966c1f
,f7e808d5-0a8e-4c2a-acaf-2c00eef78662
,faa2e96f-f54c-4585-913e-416b18bc1152
,fc677171-47b8-42d1-98e1-588ff8147eef
现金分红,e5dd87bc-aabb-4b18-b572-6e8914167373
,fc98b8e9-7c64-42ce-a106-a45adb6da65e
现金分红,fdd0ad88-6ec5-419b-9f58-48be460eb372
,fef41582-7e8e-4a88-ba58-d4023f167a40
不分配,ec06e703-c6ca-43be-9e45-a28fa18d3ed9
转增,f3c1df5c-f4d0-433d-b515-325d653b4b49
转增,f60d32c4-f3ef-43a3-973e-64e5d0932fe3
送股,f6386131-405f-4d2a-b9e7-1177fa9f6bb3
现金分红,09fa018f-7bc5-40a2-9168-6ed2bf258052
送股,2b815c55-af0d-4c23-a5dc-30e1fcb0ff99
不分配,06d4a610-2598-4428-a7d7-7970252b1756
转增,063ade5f-180b-4a3d-8241-8b52cc80256a
,2b63d6db-9772-435a-a2f8-cf803e3c4b55
,17dd62a5-fc1a-4287-a47f-b4d6888ac923
,0c1ff1b5-d8d4-4073-88a1-86fbed4f29eb
现金分红,3a42d89b-fc65-43d8-905d-78e745bd0b14
,23697846-f546-4410-8ee7-93626f255f0e
转增,3bab960d-0fac-4cf3-a799-d4895182ea3f
转增,2d239bbc-3c94-4a53-9e5f-86d8afc3d4dc
,2f9356e1-3e57-48bd-81cb-2b6dc78a3aed
现金分红,3927a66c-6464-4bf9-8cff-cfa5bcfd2256
转增,380ae86a-5208-4262-ae1f-e4523638a658
,27b7ad44-aa6e-4748-bc01-28c4ce5b5047
,17fe4311-0b60-45a4-b41c-4da326171980
不分配,47f80fe8-650d-4f9b-b3a2-38f4bb31fd69
,431d3156-aaa1-44ac-b88e-e4fddbcd810a
转增,0e5d524b-7904-49e3-a719-33196ec46531
,409a89f4-33b7-4b91-b9d0-8694d3c094db
现金分红,4bee6f5f-7ad2-4f1f-bde9-553322ec6ebc
送股,517bd8cd-5ccc-4db1-a874-9bf9363f7aef
不分配,126c9d10-e77f-47b9-a36e-0502ec4a2902
,2da24902-fc66-4a87-baa5-68132343d545
送股,5db4a5ed-776b-46a5-a129-648a6f47de34
,2b8ebf9b-3f28-4104-9775-43f0222ae39e
转增,289d7cce-df96-4e32-a206-172e778e3de3
,70c89968-fc0b-4c33-a5ff-c8ce01f0eaa6
,1ab7f05b-c620-48d3-88cd-e80f05e48d01
,3d04361c-30bf-433e-bcc0-f8988ef13518
现金分红,36c54c5b-d7c7-4375-8fa5-a45908200907
,62903153-413a-40a4-867c-5bc6bbee9699
送股,9fc4988c-d4db-42ca-b739-dcb67c79658f
现金分红,8b3e85d0-e7fe-4ece-ae27-78c78eaaa42a
,74823bf7-5963-4884-bfdc-1b9fc1ae445e
现金分红,1d550104-cfb9-4fca-8ec6-4fb4ed00ed10
,7d41454e-b1dc-40bb-9033-1bf34b81f46b
,302300ff-5462-4f88-b049-f4ce0b39a77d
现金分红,9201f70d-7764-4f8f-b9a4-e671aec9f709
不分配,32420a55-9eb8-45b7-bcca-9d31b200b182
现金分红,4e83ff65-525c-49bd-a702-dc288ee36638
不分配,4b83885d-9137-422f-b2c3-d0f1e0219663
,4e2ee877-31f4-42d5-9de8-6ccc6b4afcfc
,88e03d57-c1ab-4fd2-a438-85db61739dd6
,57da4be3-6ba4-4268-a8e3-7f85f22613b5
送股,7685cc6f-b6f5-4baa-af01-6ee235f12624
,4913f7eb-00fb-44e9-9c2c-b0d4be6e96f7
,a7d03f99-dad7-42cd-9fca-f6b2864ccf5f
转增,a4565930-9af4-4c14-bb4f-6dc64a91b8da
,52b302f2-e7b4-4128-8b77-b1e8cfa8f2c1
,e0067736-4228-4bae-88f0-f31f84264369
,507a450d-12d1-401f-b0ed-5975bcd3d7e7
现金分红,1e5598ed-f504-4c43-a75e-63b5759e6e40
,4d2b7514-bc13-4c00-89d7-cd6300a2d4cd
,931cdaae-91b1-4d1e-8600-114cb2ba922e
,6533487f-b00e-4fe3-a0f6-fd5840f96ec8
转增,93c04fd4-4fa0-436f-aa68-abe71902b73b
转增,b13a9104-3eb5-48f0-8e51-4a991417c623
现金分红,b55b4519-b1ac-48d1-98b0-ed2a66740bb2
,6c905712-d269-477e-965a-488365e94a9c
,f4022626-d693-483f-a835-70fb69e63749
,6dade2f5-6901-4206-87d8-09d29d3445c8
,9626bebd-3834-4695-b5d1-dfde9aad5c9b
转增,9201e3bb-822c-4286-9e80-fbf7e7f229a4
,6f4a5a74-5875-4ba0-a4d2-df2447c7cca7
,b5987b22-90ce-4a38-a588-2f92329c2fa3
转增,5f9fde41-d34a-485a-b742-dd01e627bedd
,5dec59e3-2021-4bfb-892f-3f0ed41f59d5
送股,6ecbd578-0052-43fa-af43-d59472981d21
,f3c5b26d-8e5a-45c8-8204-a9b8df2838ba
,2b454517-8189-40d2-93ac-74b06e4366d0
,9f475905-60e7-465b-a3ba-f889d5c983f8
,9ebace54-7324-475b-afd1-db975c1a504e
不分配,c8911d61-57b7-49bb-b829-2eb664c8c562
不分配,7d172ba6-a310-4221-a66a-653f1f47c63d
送股,d6618d14-f690-48d2-9191-475c236cdc80
不分配,bb8890d1-1666-4542-805e-4b18526f3c64
,ab7d3d7c-9782-4ea7-a895-2450feb778e7
,de1c8068-2b70-449f-9b0b-f04f8de59b63
,ada5e22a-0274-4267-8268-a066b667d67b
现金分红,d5489767-e9ba-4f69-a231-958b906a7bb2
不分配,6ff55a3a-20e8-4fee-ac0a-fa7924bbba0c
转增,733c78a4-13c2-465f-bf82-707ffee3e275
转增,dfbd6397-06a4-4019-be2d-6746262fbc08
不分配,a7a2c2f8-42ba-4e47-8992-3d5c5b2835de
,dfe25d3f-5e74-4a71-b09f-7fb74b42b363
,9ba0026f-eb84-44b2-8eef-7b7821d5b051
,a1f143df-047f-4cf0-8a59-01a945398f3d
,ff1c4188-b184-4678-839a-a7f3d0501bd3
,9f5b9992-96ae-4907-9fc0-81c4d7e54201
转增,be8263b2-da16-4026-82a5-effe68757f1c
,e309a2ad-bf29-4799-98a3-666871d25bee
,eea7d66c-1fba-455e-817b-cc004a2bad50
,b4eebfa2-8530-4a95-aa8b-dc3e8a480f47
,9e5c6f53-de04-42d4-8769-bb701faee875
转增,f36e0da3-4527-486f-8fdb-eeaa9703c01e
送股,dae82aaf-9482-414d-a016-49dd230a93cd
,e1942dfc-004d-4a44-8529-47e4d259650c
转增,a6cd52b0-2ef1-4a9e-8a3b-9e8a872a4701
不分配,bf696e37-6d80-4777-98ac-153d977e0277
,fece03dc-b7c7-4964-9982-4b7316800385
不分配,c7b06590-9786-49bd-9e79-acb8f92b6b41
现金分红,f8b38ca8-20c2-4b1f-a4c6-0071e0e70e9c
现金分红,c6a888ee-535b-413a-b269-e2636275f6f7
,ca7ef7c4-ad85-4819-a439-fe642af258a1
不分配,ccbcf5d8-f94d-46f4-9bd1-f74480630061
送股,f7206d68-6597-4f60-ba4d-499c2a2ac9d1
