﻿eid1,eid2
431d3156-aaa1-44ac-b88e-e4fddbcd810a,35094acf-43e9-435b-944f-9e7d076a9b5d
bf696e37-6d80-4777-98ac-153d977e0277,2d990ba3-10b9-4b51-904e-f71c7ec6a676
c5ff0951-20c0-4126-9b09-ee689be843c7,a3e5b898-bdb7-4811-9fee-df2ac2babb12
77dc1116-b281-4c10-abb2-f3fd9758e0c4,87cdd633-1dff-4110-b597-14ee51810a3a
09081269-3311-49b5-b995-2879ea693cbd,87e90a03-65ea-46a9-8c79-a48617347b60
4e2ee877-31f4-42d5-9de8-6ccc6b4afcfc,adff86da-41d3-4fc7-8767-30dfdd0cea36
1ab7f05b-c620-48d3-88cd-e80f05e48d01,840829c0-065a-4431-b3c6-94f9cff37818
fb2c6327-1363-4ee6-b578-01cd8c07fb77,0e4372b7-2e8f-4d27-8158-c314b6123bad
57e61252-5a10-4c90-bc61-5cd9e68d6982,33bc6723-6b51-4eee-a46a-c2198c982cf9
77f921d0-4dc5-40e8-8648-036f2a9e739c,d569fc40-2040-4e45-8332-09954ad317af
2ff25ac9-5ad2-4b86-9925-e3bc65f34beb,2ca172b6-6d93-4499-8393-0faa3ea97d7d
b288c71b-ebeb-44c5-bcf4-11c885745dde,4d9c918a-c59d-4f78-a45e-7116bc485543
cd564493-a86b-40ac-a310-5bbcf3eb3a75,73249574-2237-4a34-a866-36e49deb3e5f
3de8dd27-9a14-44a3-b025-97b79f71abe4,4f9b3ed4-09b7-4f02-b5eb-cc1690ef045a
884081c3-a22c-4166-a3ff-d62c12bbac8a,edfccdd5-36e8-4fb6-b01b-6710eae2958a
4a88fba2-2503-4ba8-a54f-d391a797c7d7,87e90a03-65ea-46a9-8c79-a48617347b60
260d335e-c813-4701-b01a-5e56be4e4f07,77f921d0-4dc5-40e8-8648-036f2a9e739c
bf696e37-6d80-4777-98ac-153d977e0277,d8e37b82-3b5c-4e35-a420-02c5a8ad136b
0d60c4d6-aa98-44a2-982f-7862cccb1eb2,431d3156-aaa1-44ac-b88e-e4fddbcd810a
16fc32ed-7a7b-44e2-9edb-198417e435db,7f299270-982e-4cd3-922f-19b8b8b54f52
bd8f58d1-f204-4874-a126-f796b7687b0a,5eeabbad-5ca9-44f6-a253-2599430ab443
347ed934-7e8e-4a5f-9743-b72c6f55097f,af3fda8d-76bf-48fd-afbf-8cd8263fa18b
d47406c5-bea2-4822-bc08-c5fe26fec920,e5dd87bc-aabb-4b18-b572-6e8914167373
8124f93f-2b11-4508-a062-cbc137962b46,d42f9bec-0a0b-4519-90bd-ce92d6f41518
1342ef6c-e28c-4f2e-854c-97688f47d308,20162b2f-d693-4a10-94bb-7ba388d1a0d8
abc09ab7-1622-4a29-9069-a93076f0340e,0f8128b3-16d1-4df6-b08c-1c7589bb7f50
af869911-7147-46fe-9935-6f39e7286da8,d86e1568-f5b9-452a-a9df-554a293006b8
1c923a76-c1f2-4fbd-86f6-b5f53deb3a93,512fa2f1-23e3-49ca-b8cb-2accaec59c9c
6f52fa62-c0ee-4c3f-89e0-8f34b1e3e9da,b5987b22-90ce-4a38-a588-2f92329c2fa3
9f475905-60e7-465b-a3ba-f889d5c983f8,812728d0-c352-479b-aa54-435b195f48b7
bb31dd08-1472-4711-b702-c96c307b21c4,ac386ac1-ec6d-4fdb-b1a7-83ecd383e1ad
fd0325ec-bbf7-43eb-abd1-e63a3d2d5667,32daee30-ecf6-4d98-8900-271520e65d4f
5902fedf-ffee-4309-97b5-5f4c8426aa4b,ec06e703-c6ca-43be-9e45-a28fa18d3ed9
7b278baa-2b75-464e-9b46-d4ac712aa986,b5987b22-90ce-4a38-a588-2f92329c2fa3
602ea2ab-6902-4154-b90c-2d3a29bb82b2,2b454517-8189-40d2-93ac-74b06e4366d0
e309a2ad-bf29-4799-98a3-666871d25bee,d6e46e52-6798-467d-b96d-ea896ed6150a
218a2135-e39c-4888-beb0-fc69ea8f731a,fc98b8e9-7c64-42ce-a106-a45adb6da65e
420b00a4-f397-4e6f-87b3-f369e496f997,9520b365-80f1-4508-8303-0b4c486f9248
fdd0ad88-6ec5-419b-9f58-48be460eb372,52abb31f-9280-48ce-a05d-efd4515bcc85
e1942dfc-004d-4a44-8529-47e4d259650c,0d60c4d6-aa98-44a2-982f-7862cccb1eb2
6b1562bb-0ab1-4402-9dc9-67865f8364e4,6263691f-e49e-487d-bb5e-31a079445385
6c905712-d269-477e-965a-488365e94a9c,7f299270-982e-4cd3-922f-19b8b8b54f52
17fe4311-0b60-45a4-b41c-4da326171980,a51d3904-4b0c-4cd7-9b05-5e59d0d04804
2bd8ec9b-d2d5-4c1a-9504-a64cdceda4a2,aea36fd0-035f-4768-8d4e-4290052eacf9
94dcd483-3345-496f-bd45-77fea60cebc4,a7d03f99-dad7-42cd-9fca-f6b2864ccf5f
3306557a-4f6a-4bcb-a089-cd18a077b577,512fa2f1-23e3-49ca-b8cb-2accaec59c9c
9fc4988c-d4db-42ca-b739-dcb67c79658f,a1dcb93d-f060-4dc6-a90b-003a4fed99b7
8124f93f-2b11-4508-a062-cbc137962b46,1e5598ed-f504-4c43-a75e-63b5759e6e40
09d547bc-bb2b-4ed2-8ed6-a60f27e1eee7,450cdea6-61cf-4b99-9d19-91a90bc7fa4b
617b1b7d-ee61-41ba-b5bd-78d65be599a4,f8402708-113f-4f07-97ae-d7941f6f89e0
46ad9359-d844-492a-8e0f-762e50bcd058,7fb1092b-4130-4eb3-bc0a-ae10be3930bd
df1c01a5-a5e3-4365-a74b-54481fb2ccae,ea2cae30-cea3-4dd6-ad73-fb43ebf1519d
a3e5b898-bdb7-4811-9fee-df2ac2babb12,f24120c8-ad09-44cd-9629-f70a3efa3cfc
17fe4311-0b60-45a4-b41c-4da326171980,3c62afe9-f56e-4e73-a523-dc2859399dbe
ad5aa495-17d8-4748-9afe-cd2f7499febb,93dd6a3a-a4e4-4a01-a6ea-2f47931f4669
2b63d6db-9772-435a-a2f8-cf803e3c4b55,48a1a1f4-051f-494d-903a-aaeb1c203beb
ac505660-a839-4aea-84f3-470c4347cf7a,d587287e-a1a5-49cd-87fc-caf6cc899f70
4e83ff65-525c-49bd-a702-dc288ee36638,b5d6b0f2-edcf-4b72-b430-5a902d7a8169
df8b6645-e9a0-4113-8446-c822f32bf92d,a17c2f90-7a9f-4407-8c75-5bc19de2a955
f0af7532-dc58-45e8-bf24-0d03bfa11ec5,0f08c3fe-c6ac-4b60-91ca-4927c6ccefb4
9857e67c-cf69-4ca3-a844-4ee65922e7e6,4d2b7514-bc13-4c00-89d7-cd6300a2d4cd
050cdcde-10ea-4972-a252-d2361496a10b,6e84d298-84f4-42f8-a1d4-e7dca43f96af
4913f7eb-00fb-44e9-9c2c-b0d4be6e96f7,33bc6723-6b51-4eee-a46a-c2198c982cf9
21ec26c7-1136-4278-9597-7c6f40c9aa00,5db4a5ed-776b-46a5-a129-648a6f47de34
0ccf1b6c-2152-4dda-bd3a-8451d35dd819,29c04961-b9f7-4b51-89f4-a6bc681750ec
df1c01a5-a5e3-4365-a74b-54481fb2ccae,d8e37b82-3b5c-4e35-a420-02c5a8ad136b
ab3b5b13-073c-405f-b053-eeb6ce5581c1,2745f8ba-6419-45e0-b5f6-487f34e180e8
344644b2-1248-41ab-b4d3-6497a6dd6f7a,5a5431da-8a10-427a-884a-2e54f7212b69
8e3cf619-86a3-47e1-ab7f-ecca15f11297,775a7c59-e155-4351-b1d6-bf9ef0103bfb
2b815c55-af0d-4c23-a5dc-30e1fcb0ff99,e4b707c2-f29b-404e-8348-c2317d7234a2
e051862c-98a2-4a37-b3f6-dd65545a5ae8,87e90a03-65ea-46a9-8c79-a48617347b60
c6a888ee-535b-413a-b269-e2636275f6f7,684c199d-3a4d-40ec-b92e-d82ea3242b33
4e83ff65-525c-49bd-a702-dc288ee36638,5e3d0486-0711-4b0f-98a5-664ac70d237a
b9eab3fc-6c9a-4324-b93a-375a41e3c899,4cedbb50-0d2d-41d5-95a2-dd7906fbfa20
0ca7b8b0-0c42-405e-976a-028ea24d82df,dc3fc566-8aac-4445-be44-c175389277de
bc694de2-1b4d-4be8-92af-d8b24535ad9e,9520b365-80f1-4508-8303-0b4c486f9248
c8911d61-57b7-49bb-b829-2eb664c8c562,6c905712-d269-477e-965a-488365e94a9c
e1a168ba-ba2e-42c7-aa75-1174eade6bc8,412d1163-4318-4dd6-a6b4-022cd98d03b4
55604f46-f260-4ab2-9eff-a8668f96a20a,f3c5b26d-8e5a-45c8-8204-a9b8df2838ba
710951e7-d10b-44e4-ae20-f6701cd7ed5e,596b27d9-9dc7-4352-b1c0-ee417cb2f2ca
88c82ffd-a701-4ce8-9956-650af00a0cfd,d86e1568-f5b9-452a-a9df-554a293006b8
b42236db-c272-4f64-ae98-100ad00672f3,7afe48a5-7d2a-4a74-b468-19ebc593d052
c0830b17-d164-4d96-83a6-caab6b949dc5,5dec59e3-2021-4bfb-892f-3f0ed41f59d5
960ae8f3-a290-48d4-8ee3-fae53f92198e,3ff34a74-10f3-4393-85a8-8510c2ad1e9c
5d546cc7-295d-44ca-918a-ad4e105d788f,f22f1632-77fd-4765-bf6c-eb409e7ba5c2
c5ebeac2-8566-4524-98cd-fbe8b9b89391,a793f933-4ac4-419f-b332-1337dbb31439
06c07fce-df8c-4f88-85e0-14863d44c012,f78d9e7e-3188-4141-894a-f3ae5b685891
7096f57c-81de-4b30-aaa6-3f876edf4dc7,c8911d61-57b7-49bb-b829-2eb664c8c562
d42f9bec-0a0b-4519-90bd-ce92d6f41518,b9eab3fc-6c9a-4324-b93a-375a41e3c899
c4344170-034f-4cad-838b-4da8b560dcf1,9857ca48-fa49-4016-bf01-551dfb5e92ff
5727eec0-8a2b-49b5-bf99-d423907e35c9,6e84d298-84f4-42f8-a1d4-e7dca43f96af
9f5b9992-96ae-4907-9fc0-81c4d7e54201,4b7181d3-b4bf-4844-a654-9e8ab0b7a015
f58c29bf-77ac-449f-92a7-b6965cfd1306,98dcbbf5-9613-4192-8f85-993d313ba132
9201e3bb-822c-4286-9e80-fbf7e7f229a4,960ae8f3-a290-48d4-8ee3-fae53f92198e
9c89b35c-e5fe-4c30-a2ec-4e7f71d52ab4,31f968b3-b606-48fb-84f2-7fe633f0a35b
f2e97672-134b-4e22-918f-d7bdd05e2875,3c045d39-5480-4042-b483-b3063e8d1454
5a5431da-8a10-427a-884a-2e54f7212b69,b82d984a-6aeb-460c-ad57-60952dde7993
f6386131-405f-4d2a-b9e7-1177fa9f6bb3,52490e1d-7240-4e02-8cd1-28700a308180
bb31dd08-1472-4711-b702-c96c307b21c4,21ec26c7-1136-4278-9597-7c6f40c9aa00
3072a2e4-4800-45ca-8981-e5a4b341763c,0ccf1b6c-2152-4dda-bd3a-8451d35dd819
791ccd27-b693-42fb-9628-95eab2f46e87,fd4a3e3b-f67f-4629-bad9-a0c8e2ecc2cc
9201f70d-7764-4f8f-b9a4-e671aec9f709,e64a38e1-1884-426d-87ae-3bb042ba6fd1
edb47409-9fb0-40a1-a1bc-bf2ec380b0e8,c710fa75-b618-45b5-8c45-bcd086fec065
9ba0026f-eb84-44b2-8eef-7b7821d5b051,4a88fba2-2503-4ba8-a54f-d391a797c7d7
d2107c91-e89b-4f79-88ff-4ed91bcb1110,b5acd5f3-2b2c-410a-a4c5-a18a8dca8f9c
ccb5548d-f7ae-49ea-b5b5-fb3d9805345e,4b7181d3-b4bf-4844-a654-9e8ab0b7a015
8578179c-954d-4476-81b2-78d99b49e4d1,450cdea6-61cf-4b99-9d19-91a90bc7fa4b
ada5e22a-0274-4267-8268-a066b667d67b,0e4372b7-2e8f-4d27-8158-c314b6123bad
94dcd483-3345-496f-bd45-77fea60cebc4,9201f70d-7764-4f8f-b9a4-e671aec9f709
4f9b3ed4-09b7-4f02-b5eb-cc1690ef045a,7dd87fe8-4bc3-4332-98a7-097a97c705fe
1c923a76-c1f2-4fbd-86f6-b5f53deb3a93,bc6f244c-02b0-4ebc-b4a6-d5d24bee4cc5
a793f933-4ac4-419f-b332-1337dbb31439,35094acf-43e9-435b-944f-9e7d076a9b5d
476c385d-0468-41ef-b04f-555ab25f1ba2,f58c29bf-77ac-449f-92a7-b6965cfd1306
ab3b5b13-073c-405f-b053-eeb6ce5581c1,d08ff984-59e2-412a-bc45-7377e58f42b3
508bf06e-135d-4b13-bd98-de83b826b5b9,b4eebfa2-8530-4a95-aa8b-dc3e8a480f47
a3e5b898-bdb7-4811-9fee-df2ac2babb12,717a31c5-96e0-4c38-9c57-6c3e7df2aec4
3bab960d-0fac-4cf3-a799-d4895182ea3f,0d60c4d6-aa98-44a2-982f-7862cccb1eb2
3adc810d-96c2-497e-beac-1a5dd10c12a3,d42a679e-938a-45f8-8546-518e0e6f27e4
c4344170-034f-4cad-838b-4da8b560dcf1,ba42cfa0-e32d-4c0b-8be5-557272966601
66abe25e-430d-4b00-b271-90c8b2e941c5,1a532119-bc49-41ab-92a7-5e48ca3acabb
