﻿eid1,eid2
e40df796-c8b8-4835-8b1f-aadc7c4e9f2b,72825575-406d-45d1-90aa-628e4f33190f
b9eab3fc-6c9a-4324-b93a-375a41e3c899,e61b06a9-dd01-4148-9e7a-2b1a64c2eba9
edfccdd5-36e8-4fb6-b01b-6710eae2958a,3072a2e4-4800-45ca-8981-e5a4b341763c
2d316e4f-95cd-459d-8018-000da0732909,57da4be3-6ba4-4268-a8e3-7f85f22613b5
0e5d524b-7904-49e3-a719-33196ec46531,06d4a610-2598-4428-a7d7-7970252b1756
812728d0-c352-479b-aa54-435b195f48b7,29c04961-b9f7-4b51-89f4-a6bc681750ec
b5acd5f3-2b2c-410a-a4c5-a18a8dca8f9c,abc09ab7-1622-4a29-9069-a93076f0340e
9520b365-80f1-4508-8303-0b4c486f9248,c8911d61-57b7-49bb-b829-2eb664c8c562
597df5be-0f76-4d2b-b3e5-a5cb256b2255,5189cabb-f10a-478c-81fd-df79170bea59
ec06e703-c6ca-43be-9e45-a28fa18d3ed9,1c923a76-c1f2-4fbd-86f6-b5f53deb3a93
7bac7933-b2e5-469f-a284-fdeb48d626ba,ce76716d-190f-4112-8d10-4727350c1a12
93c04fd4-4fa0-436f-aa68-abe71902b73b,d5489767-e9ba-4f69-a231-958b906a7bb2
f98312e8-d699-4469-b5a6-ad67ea966c1f,4c78edb0-21db-452f-96a7-a74c13664fd3
9fc4988c-d4db-42ca-b739-dcb67c79658f,ac386ac1-ec6d-4fdb-b1a7-83ecd383e1ad
2343b1e2-7ecc-4589-9e5a-ad24d97e7f9b,addf44c9-cafa-4f05-a6b8-6351e7f42b12
1348e2c1-acd4-4b43-ba4f-a06af321158b,6a4bced9-2a54-4cc7-9575-32074d5ba565
fd4a3e3b-f67f-4629-bad9-a0c8e2ecc2cc,c09b324e-8075-441d-b1a5-6e2b2afc5e02
877a4533-b298-4e8e-ad75-2de31c5912fd,3faf8dc9-e065-45f3-a172-298650a62d36
be69f7d9-f363-4891-be91-2162cb1b182c,b5d6b0f2-edcf-4b72-b430-5a902d7a8169
f220f310-7c90-42c4-9dbe-1a7b731bd0b1,ccb5548d-f7ae-49ea-b5b5-fb3d9805345e
5fab6e05-74d8-4d52-88dd-5703bc6dea92,e86656de-318b-4e50-beed-02756faa6740
4f9b3ed4-09b7-4f02-b5eb-cc1690ef045a,eea7d66c-1fba-455e-817b-cc004a2bad50
9359df53-b481-45d2-bdf5-03acc5bc89b9,ad385bd2-fdbb-4263-bfd2-caefd28c3ca8
f2e97672-134b-4e22-918f-d7bdd05e2875,717a31c5-96e0-4c38-9c57-6c3e7df2aec4
7685cc6f-b6f5-4baa-af01-6ee235f12624,eea7d66c-1fba-455e-817b-cc004a2bad50
aa7d72c9-c8bb-474e-bd71-030d8f9f6c26,9b85741e-e856-422e-9a66-5362b4486787
a068a353-0bb0-403b-9f7a-8ae1a700a568,0f8128b3-16d1-4df6-b08c-1c7589bb7f50
9201f70d-7764-4f8f-b9a4-e671aec9f709,f36e0da3-4527-486f-8fdb-eeaa9703c01e
ad5aa495-17d8-4748-9afe-cd2f7499febb,65c5b454-fef3-4687-9a27-391b0527f7ed
597df5be-0f76-4d2b-b3e5-a5cb256b2255,e309a2ad-bf29-4799-98a3-666871d25bee
380ae86a-5208-4262-ae1f-e4523638a658,d6618d14-f690-48d2-9191-475c236cdc80
d3d0bb23-d351-48a8-a347-119457dd8389,e051862c-98a2-4a37-b3f6-dd65545a5ae8
77f921d0-4dc5-40e8-8648-036f2a9e739c,d19b50d9-72a9-4bec-a74d-d745e64350bf
6ff55a3a-20e8-4fee-ac0a-fa7924bbba0c,9201f70d-7764-4f8f-b9a4-e671aec9f709
6c9a1540-d904-4afe-bad9-c5ce032fd143,32420a55-9eb8-45b7-bcca-9d31b200b182
bbb91ba4-4bd7-45b8-844b-55a848b7b13d,8b15b6e9-8a66-4e86-85d0-b0acc6d74b52
bd8f58d1-f204-4874-a126-f796b7687b0a,e1942dfc-004d-4a44-8529-47e4d259650c
f7176607-ac85-4ab2-8bc6-b1d05c721266,bd322ed0-f34c-4345-a553-8a37fc88dbfb
52abcb18-0380-4ba1-a3c1-d155fbbfaece,6f52fa62-c0ee-4c3f-89e0-8f34b1e3e9da
db5fcc0f-136c-46f2-9335-3a76bb860d25,a6d4b331-013f-46b8-8025-47679843287d
0119443f-a2f2-400d-a970-f8ab0d856f4a,a793f933-4ac4-419f-b332-1337dbb31439
06a31419-c821-4c09-bf33-14950d2ada63,b5acd5f3-2b2c-410a-a4c5-a18a8dca8f9c
26c78844-59d0-498c-923b-0987dd898e19,4913f7eb-00fb-44e9-9c2c-b0d4be6e96f7
f4022626-d693-483f-a835-70fb69e63749,70c89968-fc0b-4c33-a5ff-c8ce01f0eaa6
5e3d0486-0711-4b0f-98a5-664ac70d237a,7327286d-3aa1-42b3-a889-8a80a2210166
03c03a09-20e5-4fa0-83a8-42a47c1ebf0b,a686a839-0a84-4e3f-921d-1bddafa8d993
7fb1092b-4130-4eb3-bc0a-ae10be3930bd,d989034e-ab6e-46ac-aff6-e0500571e555
8a9ca4ab-e3d0-45ad-aa0e-e0ff534caa46,ab3b5b13-073c-405f-b053-eeb6ce5581c1
cf80f578-4147-4ace-8b32-eaea1932ed4a,9b85741e-e856-422e-9a66-5362b4486787
4dc8b45b-5a5c-4ca2-9e7f-daeda512a47c,5902fedf-ffee-4309-97b5-5f4c8426aa4b
bf69c1d0-beab-4d53-85ec-9ab9daf0f952,b5b9a701-f48c-4a33-b404-d0cc1ba6cee0
9a9ebf95-d6a8-4008-b0f0-2ab077e0f4a9,b9426f28-a862-4a43-8234-cc52ecc57515
2745f8ba-6419-45e0-b5f6-487f34e180e8,d989034e-ab6e-46ac-aff6-e0500571e555
08736812-22ed-4352-aa70-76bc6a687137,380ae86a-5208-4262-ae1f-e4523638a658
aa85643a-fa0a-4ac9-9792-fce5aecc231d,386f4ace-64eb-4cd4-856a-c988f5ba1f07
6c9a1540-d904-4afe-bad9-c5ce032fd143,82aa1134-39b2-4920-9a1f-5a5f9907ac9f
5006881e-9b5c-4402-99cc-7fd43555e927,0119443f-a2f2-400d-a970-f8ab0d856f4a
fd0325ec-bbf7-43eb-abd1-e63a3d2d5667,c3d7ca57-6e30-487f-aa67-feab51fdb7d4
aa6e4b06-220c-4d89-8ffb-875f7a33cc9b,e19bd2d8-0fdb-427f-a07b-b8551adab81e
a6d4b331-013f-46b8-8025-47679843287d,517bd8cd-5ccc-4db1-a874-9bf9363f7aef
e0663392-7f1f-40f2-8a10-b0dc20be26d4,809cb61e-9957-4313-ac59-0b7fb712a2e2
fc677171-47b8-42d1-98e1-588ff8147eef,6cdab923-188f-4796-9948-d7186b081173
17dd62a5-fc1a-4287-a47f-b4d6888ac923,bd4958a8-57a2-46f9-a5dd-0d682c2f4f8d
dfe25d3f-5e74-4a71-b09f-7fb74b42b363,f8402708-113f-4f07-97ae-d7941f6f89e0
52abb31f-9280-48ce-a05d-efd4515bcc85,d82ef50a-7242-4ee3-b0c9-0405c07f5e0a
5dec59e3-2021-4bfb-892f-3f0ed41f59d5,abc09ab7-1622-4a29-9069-a93076f0340e
517e1c93-d6f1-4417-b5c4-1fcb3f6d0d85,941ee487-d8e5-44bb-8ca0-d9c2c4fe647f
e5dd87bc-aabb-4b18-b572-6e8914167373,5fab6e05-74d8-4d52-88dd-5703bc6dea92
a1f143df-047f-4cf0-8a59-01a945398f3d,2bd8ec9b-d2d5-4c1a-9504-a64cdceda4a2
67a58bc1-8e2e-4275-9e77-b285595d9e35,a5a4e2eb-3d36-4a83-a584-a1fc8586be11
b5987b22-90ce-4a38-a588-2f92329c2fa3,a686a839-0a84-4e3f-921d-1bddafa8d993
d989034e-ab6e-46ac-aff6-e0500571e555,7dd87fe8-4bc3-4332-98a7-097a97c705fe
c6a888ee-535b-413a-b269-e2636275f6f7,1a532119-bc49-41ab-92a7-5e48ca3acabb
ab72c722-2662-46ae-b6a5-6a33d55514bb,56b76c94-f986-4af1-a915-34ca79c432bf
f8b38ca8-20c2-4b1f-a4c6-0071e0e70e9c,ce76716d-190f-4112-8d10-4727350c1a12
9c24478b-c156-47a6-b892-a4d3857b6d40,9d4340ed-cb87-4fc6-8363-4f174b69c55c
2ca172b6-6d93-4499-8393-0faa3ea97d7d,d001499e-76cb-49f0-a435-4184e35e5e37
f164f660-c8c1-4353-a82a-f8cb16adb8bf,64edd520-52c1-4f47-9475-4793e270969c
7b278baa-2b75-464e-9b46-d4ac712aa986,80307d75-9f70-47a1-a10a-2857cf8d06c6
7685cc6f-b6f5-4baa-af01-6ee235f12624,a2e1262e-bf60-4b0f-8400-9d87eb6ed652
77f921d0-4dc5-40e8-8648-036f2a9e739c,7dd87fe8-4bc3-4332-98a7-097a97c705fe
bc6f244c-02b0-4ebc-b4a6-d5d24bee4cc5,c710fa75-b618-45b5-8c45-bcd086fec065
684c199d-3a4d-40ec-b92e-d82ea3242b33,ccbcf5d8-f94d-46f4-9bd1-f74480630061
5bcebc43-3e9e-47e3-966d-4f51b9149660,87e90a03-65ea-46a9-8c79-a48617347b60
2d316e4f-95cd-459d-8018-000da0732909,6b1562bb-0ab1-4402-9dc9-67865f8364e4
e40df796-c8b8-4835-8b1f-aadc7c4e9f2b,cd2dfed8-a398-4604-8b73-d222ac5fe4e8
93c04fd4-4fa0-436f-aa68-abe71902b73b,bd322ed0-f34c-4345-a553-8a37fc88dbfb
bd8f58d1-f204-4874-a126-f796b7687b0a,1348e2c1-acd4-4b43-ba4f-a06af321158b
726a714d-9184-4ae2-bdd4-7ee86a3c2c00,a17c2f90-7a9f-4407-8c75-5bc19de2a955
3132182b-9980-4f48-b206-49427a3d649a,5d7abede-13b9-47e6-95a4-7d3120e20205
1196f6cb-4fa2-4775-bf0f-1ea0ad628abd,617b1b7d-ee61-41ba-b5bd-78d65be599a4
320f239c-4e8a-4239-b0d4-74a1499aee0a,8c8c9c99-a1f5-4b9b-8181-f920fcb5566c
26c78844-59d0-498c-923b-0987dd898e19,b3fed5da-5831-4dcf-b41b-43fa90318dc4
0c29f988-cc0e-424a-8b74-0ba61120066f,218a2135-e39c-4888-beb0-fc69ea8f731a
d001499e-76cb-49f0-a435-4184e35e5e37,52b302f2-e7b4-4128-8b77-b1e8cfa8f2c1
dfe25d3f-5e74-4a71-b09f-7fb74b42b363,a820ee0f-e253-4e87-a536-3a1f4d471fb1
1c1bce3d-c04c-46aa-ada5-f281a5955713,f7176607-ac85-4ab2-8bc6-b1d05c721266
