﻿eid1,eid2
35094acf-43e9-435b-944f-9e7d076a9b5d,a6ef17c6-6ac8-4fbf-a337-9d82fd4c1088
1f1113d5-741b-4f52-991a-3b47c860e5d7,6da6a051-61fd-4dd0-8dc3-2468b1a74fdc
320f239c-4e8a-4239-b0d4-74a1499aee0a,47f80fe8-650d-4f9b-b3a2-38f4bb31fd69
bb31dd08-1472-4711-b702-c96c307b21c4,e64a38e1-1884-426d-87ae-3bb042ba6fd1
775a7c59-e155-4351-b1d6-bf9ef0103bfb,a535423d-bf25-4e65-adea-57fd111692ff
f5f3f258-e117-412b-9016-ed6fee769b0b,4bc13963-473c-44b6-a127-74a6dd7ccc8c
812728d0-c352-479b-aa54-435b195f48b7,9d4340ed-cb87-4fc6-8363-4f174b69c55c
6533487f-b00e-4fe3-a0f6-fd5840f96ec8,710951e7-d10b-44e4-ae20-f6701cd7ed5e
0e5d524b-7904-49e3-a719-33196ec46531,f0af7532-dc58-45e8-bf24-0d03bfa11ec5
2d61146d-57e4-42da-881c-33f86acd10ee,e3584d5a-df3c-4011-b497-276926915b2f
3adc810d-96c2-497e-beac-1a5dd10c12a3,65c5b454-fef3-4687-9a27-391b0527f7ed
bf696e37-6d80-4777-98ac-153d977e0277,063ade5f-180b-4a3d-8241-8b52cc80256a
72825575-406d-45d1-90aa-628e4f33190f,91798d80-b45f-4dab-bee3-65866214398b
8124f93f-2b11-4508-a062-cbc137962b46,a820ee0f-e253-4e87-a536-3a1f4d471fb1
93257101-74a7-44d1-a865-2795f7398c4d,5348fe29-4210-4208-a5b5-d32718bc1b4d
bb6e99cb-d67f-4f1c-be52-15ecf1bc0517,e0663392-7f1f-40f2-8a10-b0dc20be26d4
2c232ff7-fc9c-4e2e-a772-3102f95e8ae1,3de8dd27-9a14-44a3-b025-97b79f71abe4
0c396595-8d0f-4142-8ada-37b0eca377aa,2abb1ee8-bd79-4d88-859c-c88e332b31e2
21605d5f-400f-42ca-ae93-14a1669b9b54,de1c8068-2b70-449f-9b0b-f04f8de59b63
0e724f0d-c7d6-4ef0-9f62-32b36e48d87c,e309a2ad-bf29-4799-98a3-666871d25bee
2abb1ee8-bd79-4d88-859c-c88e332b31e2,a17c2f90-7a9f-4407-8c75-5bc19de2a955
17dd62a5-fc1a-4287-a47f-b4d6888ac923,4a089757-736a-4a44-a407-51a709f27c37
344644b2-1248-41ab-b4d3-6497a6dd6f7a,516e52f9-a3f6-4a59-b8a1-4efd02b118f0
a6ef17c6-6ac8-4fbf-a337-9d82fd4c1088,27b7ad44-aa6e-4748-bc01-28c4ce5b5047
9201e3bb-822c-4286-9e80-fbf7e7f229a4,5a5431da-8a10-427a-884a-2e54f7212b69
49e97fd2-bb47-4bde-bd44-c61295d48a61,55116ee7-96de-408c-ba50-6c2e27146590
fc98b8e9-7c64-42ce-a106-a45adb6da65e,a316a327-da8f-436d-9e1b-dc6060e87106
64d87aad-16fa-4a75-9ae7-af8af3cee323,710951e7-d10b-44e4-ae20-f6701cd7ed5e
28205a22-963b-4184-9468-a03b5cfe8ff1,a316a327-da8f-436d-9e1b-dc6060e87106
06c07fce-df8c-4f88-85e0-14863d44c012,2b8d6151-e511-4d14-8253-0907d0898d9c
33bc6723-6b51-4eee-a46a-c2198c982cf9,1f1113d5-741b-4f52-991a-3b47c860e5d7
1ab35277-0668-46d5-8a2b-47c82e5646d6,7f299270-982e-4cd3-922f-19b8b8b54f52
64dd3963-db0c-4e6b-b2e8-f6588835e8bc,06a31419-c821-4c09-bf33-14950d2ada63
684c199d-3a4d-40ec-b92e-d82ea3242b33,3adc810d-96c2-497e-beac-1a5dd10c12a3
88c82ffd-a701-4ce8-9956-650af00a0cfd,dc3fc566-8aac-4445-be44-c175389277de
dd35108c-641a-4415-bf26-f2e7cb5cd796,4b7f1c83-5b3d-4da7-b30e-df75eaf47041
6dade2f5-6901-4206-87d8-09d29d3445c8,f36e0da3-4527-486f-8fdb-eeaa9703c01e
6e84d298-84f4-42f8-a1d4-e7dca43f96af,12710f04-fbef-49f0-9f07-784b22827dde
6056b883-fcda-4be4-a678-826bddcc60c3,15c216bf-2740-4a60-8796-ea73f5ef7727
3344e765-dd57-4f49-b3ce-12cf2a5b331f,5f33a9f8-2db8-4ade-b03a-e2f2de96f343
9085d59a-99b2-4fe8-9c93-b26683e4c0bd,8a9ca4ab-e3d0-45ad-aa0e-e0ff534caa46
bb31dd08-1472-4711-b702-c96c307b21c4,5d546cc7-295d-44ca-918a-ad4e105d788f
39e04b07-8bee-44a1-93f0-6c47ee422b9d,9c89b35c-e5fe-4c30-a2ec-4e7f71d52ab4
ae6e9019-5f85-4c33-9f27-22c9b9a63717,c911853d-dd05-4b02-a799-c5b3fe5bf67c
409a89f4-33b7-4b91-b9d0-8694d3c094db,aea36fd0-035f-4768-8d4e-4290052eacf9
f164f660-c8c1-4353-a82a-f8cb16adb8bf,9f29c3a5-cd6e-4eb8-83ce-b2ab3de1b1ee
6a4bced9-2a54-4cc7-9575-32074d5ba565,fdd0ad88-6ec5-419b-9f58-48be460eb372
ea1f7238-9422-489e-a672-1abd33ff0db0,e19bd2d8-0fdb-427f-a07b-b8551adab81e
6f4a5a74-5875-4ba0-a4d2-df2447c7cca7,ea3ee12d-0165-4dd7-8e52-1e1f7dbcde7e
a820ee0f-e253-4e87-a536-3a1f4d471fb1,ad5aa495-17d8-4748-9afe-cd2f7499febb
4362c9b2-d028-46bb-9f8f-8403d34b9e26,5727eec0-8a2b-49b5-bf99-d423907e35c9
dae82aaf-9482-414d-a016-49dd230a93cd,36bd124c-343f-40bf-bf00-d4208b5cbf6a
d587287e-a1a5-49cd-87fc-caf6cc899f70,7685cc6f-b6f5-4baa-af01-6ee235f12624
2e27b827-3ff2-4d6e-97ee-a8fb24a6c089,49018540-37fd-446a-a71a-03f5f700fa72
070c9a15-d1ee-427f-8809-36e4018da818,1c1bce3d-c04c-46aa-ada5-f281a5955713
c8911d61-57b7-49bb-b829-2eb664c8c562,a3e5b898-bdb7-4811-9fee-df2ac2babb12
b82d984a-6aeb-460c-ad57-60952dde7993,3e2cb57c-4df1-4b5d-b6f4-5cf752277066
d430704b-0d0f-4e5e-bab3-f0b0ffafd55c,6dade2f5-6901-4206-87d8-09d29d3445c8
3c045d39-5480-4042-b483-b3063e8d1454,2b8ebf9b-3f28-4104-9775-43f0222ae39e
e3a07285-4553-45c9-ad5d-4a74892b1dfb,775a7c59-e155-4351-b1d6-bf9ef0103bfb
f4fd349e-9361-4377-b8cc-515d21956d8c,877a4533-b298-4e8e-ad75-2de31c5912fd
7dd87fe8-4bc3-4332-98a7-097a97c705fe,5d546cc7-295d-44ca-918a-ad4e105d788f
ae6e9019-5f85-4c33-9f27-22c9b9a63717,fb2c6327-1363-4ee6-b578-01cd8c07fb77
6416af0c-ac4f-45ad-b7cc-f95c0aa727c9,eb69ee9d-2671-4e0c-96b4-aff41b2db51e
7327286d-3aa1-42b3-a889-8a80a2210166,a316a327-da8f-436d-9e1b-dc6060e87106
e64a38e1-1884-426d-87ae-3bb042ba6fd1,1342ef6c-e28c-4f2e-854c-97688f47d308
391dbca4-9960-49ab-9788-26ac94e6110e,21605d5f-400f-42ca-ae93-14a1669b9b54
addf44c9-cafa-4f05-a6b8-6351e7f42b12,1dc1e8da-0b50-4c3c-b385-1feb7f1a92a8
2abb1ee8-bd79-4d88-859c-c88e332b31e2,9626bebd-3834-4695-b5d1-dfde9aad5c9b
a04374b9-1517-4bbf-9dc5-5ac378a6d1b5,2cbcc12f-00a1-43cc-8af1-630c49102370
ea2cae30-cea3-4dd6-ad73-fb43ebf1519d,46ad9359-d844-492a-8e0f-762e50bcd058
2b815c55-af0d-4c23-a5dc-30e1fcb0ff99,5a5431da-8a10-427a-884a-2e54f7212b69
dd35108c-641a-4415-bf26-f2e7cb5cd796,2f3ff75c-e1b8-4dcd-99bf-204990395576
36683484-724e-4eb3-b656-0932ad6bfc8c,ece1f0b0-9944-460b-bd9c-b30756c35315
aa7d72c9-c8bb-474e-bd71-030d8f9f6c26,830d6513-1198-4673-9e09-e42face6f1db
5cfa4c1d-8c7a-4001-a7ce-f5c782c6f05f,e7a94e62-8d17-49e2-ad95-613dc25ef2c2
be819add-416d-4af3-bd33-339a1b863218,217d826b-befb-4cb3-82ed-e9e62b47ca20
46ad9359-d844-492a-8e0f-762e50bcd058,a4565930-9af4-4c14-bb4f-6dc64a91b8da
9c89b35c-e5fe-4c30-a2ec-4e7f71d52ab4,09d547bc-bb2b-4ed2-8ed6-a60f27e1eee7
55604f46-f260-4ab2-9eff-a8668f96a20a,93dd6a3a-a4e4-4a01-a6ea-2f47931f4669
c8911d61-57b7-49bb-b829-2eb664c8c562,ac505660-a839-4aea-84f3-470c4347cf7a
de1c8068-2b70-449f-9b0b-f04f8de59b63,a9a2744b-fbaf-46c4-8fdc-ae4d17fc7d34
7e79e14b-3ec5-4857-a2ea-a33195075f64,2d412ae8-de07-4896-bdf5-f72ad5e800ff
6c9a1540-d904-4afe-bad9-c5ce032fd143,0ccf1b6c-2152-4dda-bd3a-8451d35dd819
bc694de2-1b4d-4be8-92af-d8b24535ad9e,4f9b3ed4-09b7-4f02-b5eb-cc1690ef045a
06c07fce-df8c-4f88-85e0-14863d44c012,5d2b4de2-3764-4584-8ac3-4ceafd88eb09
8124f93f-2b11-4508-a062-cbc137962b46,aa6e4b06-220c-4d89-8ffb-875f7a33cc9b
ad5aa495-17d8-4748-9afe-cd2f7499febb,5f33a9f8-2db8-4ade-b03a-e2f2de96f343
06d4a610-2598-4428-a7d7-7970252b1756,e7a94e62-8d17-49e2-ad95-613dc25ef2c2
b288c71b-ebeb-44c5-bcf4-11c885745dde,7327286d-3aa1-42b3-a889-8a80a2210166
03c6ab90-be73-4416-8189-fe12125b2932,69e1ea51-42de-408f-bcdd-3b7a86989c97
8a9ca4ab-e3d0-45ad-aa0e-e0ff534caa46,17fe4311-0b60-45a4-b41c-4da326171980
050cdcde-10ea-4972-a252-d2361496a10b,8578179c-954d-4476-81b2-78d99b49e4d1
72541732-99f0-48f7-a155-44ab5bf92379,c0e4ff19-8c7c-4e09-a49e-dd9bce35116d
e5dd87bc-aabb-4b18-b572-6e8914167373,2d990ba3-10b9-4b51-904e-f71c7ec6a676
65c5b454-fef3-4687-9a27-391b0527f7ed,26c78844-59d0-498c-923b-0987dd898e19
5006881e-9b5c-4402-99cc-7fd43555e927,289d7cce-df96-4e32-a206-172e778e3de3
e24482bc-7966-475a-9a59-97661d8481ba,ba42cfa0-e32d-4c0b-8be5-557272966601
d989034e-ab6e-46ac-aff6-e0500571e555,b9ecb670-d948-41a8-841a-ac6df68bc5d0
d5489767-e9ba-4f69-a231-958b906a7bb2,2b56b6f2-2022-4fe7-b955-1d8120f363df
6263691f-e49e-487d-bb5e-31a079445385,c6288352-e66c-4089-bc97-386627ee5825
7dd87fe8-4bc3-4332-98a7-097a97c705fe,107b1574-b5d4-4cc9-be21-ec36835bd3f9
6e84d298-84f4-42f8-a1d4-e7dca43f96af,84ee79ec-9d15-463e-86a5-549fe052fe38
8b3e85d0-e7fe-4ece-ae27-78c78eaaa42a,09081269-3311-49b5-b995-2879ea693cbd
a535423d-bf25-4e65-adea-57fd111692ff,edb47409-9fb0-40a1-a1bc-bf2ec380b0e8
