﻿eid,companyname,industry,assign,violations,bond,dishonesty_y
003ffe3f-d012-40b6-9cd6-ba94cf235ae2,杭州开湖房地产开发有限公司,其它,,,定向工具,
0119443f-a2f2-400d-a970-f8ab0d856f4a,美颐投资置业有限公司,证券公司,,其它信息披露违规,券商专项资产管理,0.0
0125e29f-f208-42a5-a06b-2b3c1cdf3b58,西安莱恒置业有限公司,,转增,,定向工具,
03c6ab90-be73-4416-8189-fe12125b2932,广东欧昊集团有限公司,金融控股集团,现金分红,违规交易,超短期融资券,0.0
01476e8c-acc8-4860-9bd6-9c667380c3fb,成都西行起点旅游资源开发有限公司,其它,,,,0.0
06fc37e2-8bf5-4e36-adc2-387f6a96a4ad,江苏联赢激光有限公司,,不分配,信息披露虚假或严重误导性陈述,,1.0
033b352f-178f-48ea-ae28-e7a462dd48d9,重庆江骏房地产开发有限公司,寿险公司,,业绩预测结果不准确或不及时,企业债,0.0
06a31419-c821-4c09-bf33-14950d2ada63,陕西东泰天信置业有限公司,担保公司,转增,违规交易,,1.0
03c03a09-20e5-4fa0-83a8-42a47c1ebf0b,杭州萧山环境投资发展有限公司,,不分配,,券商专项资产管理,
08736812-22ed-4352-aa70-76bc6a687137,杭州滨昕企业管理有限公司,,不分配,,,0.0
070c9a15-d1ee-427f-8809-36e4018da818,扬州三湾投资发展有限公司,金融控股集团,转增,未按时披露定期报告,定向工具,0.0
0f8128b3-16d1-4df6-b08c-1c7589bb7f50,嘉善裕灿房地产开发有限公司,,转增,,中期票据,
09081269-3311-49b5-b995-2879ea693cbd,江苏武进港务有限公司,,,其它程序违规,定向工具,0.0
06c07fce-df8c-4f88-85e0-14863d44c012,广州市保曦置业有限公司,资产管理公司,,未依法履行其他职责,,0.0
0e724f0d-c7d6-4ef0-9f62-32b36e48d87c,苍南蓝光和骏置业有限公司,投资公司,,,,0.0
09d547bc-bb2b-4ed2-8ed6-a60f27e1eee7,南京孔雀城房地产开发有限公司,担保公司,,,,0.0
050cdcde-10ea-4972-a252-d2361496a10b,今麦郎饮品（隆尧）有限公司,,,业绩预测结果不准确或不及时,可交换债券,0.0
0c29f988-cc0e-424a-8b74-0ba61120066f,陕西蓝天御坊置业有限公司,寿险公司,送股,,可交换债券,
12373795-9cdc-4b6a-a245-25cc386bc680,嘉善裕轩房地产开发有限公司,寿险公司,转增,其它程序违规,可转换债券,0.0
0ca7b8b0-0c42-405e-976a-028ea24d82df,福州蓝逸屿置业有限公司,,,,,1.0
0a6bd6b9-b714-47f6-bcab-b0f9627115b7,珠海斗门益发置业有限公司,投资公司,转增,涉嫌违反证券法律法规,短期融资券,0.0
086247a5-a682-4697-b5c0-d4c13788cb49,浙江元盛塑业股份有限公司,,,,证券公司次级债,
05f772fe-3956-419f-87cb-00a63da32f9b,山西众能天然气有限公司,其它,,信息披露虚假或严重误导性陈述,券商专项资产管理,0.0
0e4372b7-2e8f-4d27-8158-c314b6123bad,淳安千岛湖湖畔旅游开发有限公司,担保公司,现金分红,,,0.0
0aa4e294-387d-42bf-9b2f-4ce4b90634d7,浙江严牌过滤技术股份有限公司,投资公司,现金分红,业绩预测结果不准确或不及时,,0.0
06a3dba8-9496-4edd-acb0-efedd367e03b,青岛信保双盈置业有限公司,证券公司,不分配,信息披露虚假或严重误导性陈述,短期融资券,1.0
0c396595-8d0f-4142-8ada-37b0eca377aa,沧州荣朔房地产开发有限公司,,送股,,超短期融资券,
098cf426-1398-4f25-8e4a-e46df88442c9,三河同飞制冷股份有限公司,投资公司,,,可转换债券,
09dbc27e-8a70-4d06-a725-7315c562ab39,成都武科实业有限公司,投资公司,现金分红,未依法履行其他职责,公司债,1.0
11ac4ea4-8231-4cd0-8543-ce1211cd9715,博爱县投资集团有限公司,资产管理公司,现金分红,,,0.0
1342ef6c-e28c-4f2e-854c-97688f47d308,三友联众集团股份有限公司,其它,转增,涉嫌违反证券法律法规,中期票据,1.0
0f08c3fe-c6ac-4b60-91ca-4927c6ccefb4,天泽（固安）房地产开发有限公司,金融控股集团,转增,,,1.0
0c5b92c6-b789-4b40-838f-11ff74a8a437,山西宏厦建筑工程第三有限公司,,,其它信息披露违规,,0.0
0fa3b0c8-9ae0-4693-9c22-fc991ff7c84b,中国第二十二冶金建设公司,,现金分红,未及时披露公司重大事件,,0.0
0ccf1b6c-2152-4dda-bd3a-8451d35dd819,徐州公路运输集团有限责任公司,,不分配,,,1.0
0f20c788-7dbf-4c8b-a4b1-78ca0f314934,厦门中南德誉房地产开发有限公司,担保公司,现金分红,未按时披露定期报告,中期票据,0.0
12710f04-fbef-49f0-9f07-784b22827dde,西安奥体中心控股有限公司,担保公司,转增,未按时披露定期报告,定向工具,0.0
1196f6cb-4fa2-4775-bf0f-1ea0ad628abd,浙江东阳东欣房地产开发有限公司,证券公司,不分配,违规交易,,1.0
0d60c4d6-aa98-44a2-982f-7862cccb1eb2,霸州市孔雀海房地产开发有限公司,,送股,未依法履行其他职责,可交换债券,1.0
0d37b5aa-68d2-4f98-9e05-f91d156b0329,重庆鸿业实业（集团）有限公司,证券公司,送股,,中期票据,
0fbdb147-75d7-4a12-9935-e484dcf2cab3,厦门金鹭硬质合金有限公司,,不分配,信息披露虚假或严重误导性陈述,可交换债券,1.0
0f4a7fd6-41f3-4325-96a2-1b40dfc42277,唐山天一合现代农业服务有限公司,其它,送股,违规交易,,0.0
15b76ace-df8e-4675-afd4-749b9fa3a855,张家港建祥房地产开发有限公司,其它,,未及时披露公司重大事件,,1.0
18af736c-06e1-40ed-85db-497597c9d588,杭州铧璟置业有限公司,金融控股集团,,,,0.0
1c55f341-228f-4c7c-b813-0e99365c6fc0,南京泰融商业运营管理有限公司,,送股,,公司债,
1ab35277-0668-46d5-8a2b-47c82e5646d6,成都工投园区建设投资有限公司,证券公司,不分配,未按时披露定期报告,,1.0
1348e2c1-acd4-4b43-ba4f-a06af321158b,常州碧盛房地产开发有限公司,其它,送股,,券商专项资产管理,
205e8059-5d13-4d53-847d-4db5184016ec,上海漫珑企业管理有限公司,,现金分红,,,0.0
0e8a1c5f-e52f-42dc-b91c-5c5daa1daed9,惠州市则成技术有限公司,担保公司,,,,0.0
1f344158-89f2-48a9-87f3-e058aca21a16,民发实业集团有限公司,证券公司,送股,未按时披露定期报告,超短期融资券,1.0
15c216bf-2740-4a60-8796-ea73f5ef7727,重庆招商依云房地产有限公司,,不分配,,短期融资券,
1dc1e8da-0b50-4c3c-b385-1feb7f1a92a8,江西省发达建筑集团有限公司,,,,企业债,
15de6a81-d469-45b5-a3f7-9ff16d08244b,江西广新建筑产业有限公司,寿险公司,,,短期融资券,
107b1574-b5d4-4cc9-be21-ec36835bd3f9,浙江天工建设集团有限公司,投资公司,送股,其它程序违规,,0.0
217d826b-befb-4cb3-82ed-e9e62b47ca20,日照亿鼎房地产开发有限公司,寿险公司,,信息披露虚假或严重误导性陈述,,0.0
16fc32ed-7a7b-44e2-9edb-198417e435db,重庆瑞重快递有限公司,投资公司,,,,0.0
21ec26c7-1136-4278-9597-7c6f40c9aa00,绍兴仁昌酱园有限公司,证券公司,,,,0.0
1b9706f4-2db6-42b9-aa92-af7ffed7fa13,眉山市东坡发展投资有限公司,资产管理公司,不分配,未及时披露公司重大事件,可交换债券,0.0
1c1bce3d-c04c-46aa-ada5-f281a5955713,潮州深能燃气有限公司,担保公司,,,,1.0
217b8b05-43c8-455f-b330-9c804f3d66a2,山西万景源房地产开发有限责任公司,担保公司,不分配,业绩预测结果不准确或不及时,,1.0
28205a22-963b-4184-9468-a03b5cfe8ff1,浙江长兴求是膜技术有限公司,投资公司,现金分红,未及时披露公司重大事件,超短期融资券,1.0
20162b2f-d693-4a10-94bb-7ba388d1a0d8,成都金堂发展投资有限公司,其它,送股,违规交易,,1.0
1c923a76-c1f2-4fbd-86f6-b5f53deb3a93,江西玉虹房地产开发有限公司,资产管理公司,现金分红,,,0.0
29c04961-b9f7-4b51-89f4-a6bc681750ec,金湖县金信担保有限公司,金融控股集团,,,,1.0
2b8d6151-e511-4d14-8253-0907d0898d9c,杭州中策清泉实业有限公司,寿险公司,现金分红,,超短期融资券,
1a532119-bc49-41ab-92a7-5e48ca3acabb,四川北新大弘置业集团有限公司,其它,转增,,短期融资券,
1f1113d5-741b-4f52-991a-3b47c860e5d7,唯品会（中国）有限公司,担保公司,现金分红,违规交易,,1.0
218a2135-e39c-4888-beb0-fc69ea8f731a,江苏茅山置业投资有限公司,金融控股集团,现金分红,业绩预测结果不准确或不及时,,1.0
2745f8ba-6419-45e0-b5f6-487f34e180e8,安阳龙宇投资管理有限公司,其它,不分配,信息披露虚假或严重误导性陈述,,0.0
2c232ff7-fc9c-4e2e-a772-3102f95e8ae1,常熟筑虞房地产开发有限公司,证券公司,不分配,涉嫌违反证券法律法规,公司债,1.0
2b4abac8-4120-49e8-b87b-d253322aaea8,自贡金尚置业有限公司,投资公司,不分配,,,1.0
21605d5f-400f-42ca-ae93-14a1669b9b54,普开投资（上海）有限公司,寿险公司,送股,未及时披露公司重大事件,证券公司次级债,0.0
2cecaa52-2808-487b-b1ab-36e15ee46358,山东广电智达技术有限公司,,,未按时披露定期报告,,1.0
2d61146d-57e4-42da-881c-33f86acd10ee,山西四建集团有限公司,,转增,业绩预测结果不准确或不及时,公司债,0.0
3072a2e4-4800-45ca-8981-e5a4b341763c,临汾农都市场开发有限公司,担保公司,送股,,证券公司次级债,
2abb1ee8-bd79-4d88-859c-c88e332b31e2,浙江华川实业集团有限公司,金融控股集团,转增,,企业债,
2b0f198a-24ac-450e-ba6e-36c5c21b8022,西安莱嘉置业有限公司,资产管理公司,,未依法履行其他职责,,0.0
2bd8ec9b-d2d5-4c1a-9504-a64cdceda4a2,宁波兴光煤气集团公司,,,其它信息披露违规,可转换债券,0.0
2ca172b6-6d93-4499-8393-0faa3ea97d7d,重庆市四面山旅游（集团）有限公司,其它,,未依法履行其他职责,公司债,1.0
2a6ec087-025a-4c1b-81ac-985da948f28a,重庆市康瀚置业有限公司,寿险公司,现金分红,其它信息披露违规,中期票据,0.0
26c78844-59d0-498c-923b-0987dd898e19,杭州夏宇房地产开发有限公司,,转增,,可转换债券,
2c855538-bf01-46c1-9deb-69e93b105780,开封市文化旅游投资集团有限公司,寿险公司,现金分红,,可交换债券,
260d335e-c813-4701-b01a-5e56be4e4f07,南昌城铉房地产开发有限公司,投资公司,,未按时披露定期报告,定向工具,0.0
36683484-724e-4eb3-b656-0932ad6bfc8c,遂平县高新产业集聚区投资有限公司,,转增,,证券公司次级债,
2cbcc12f-00a1-43cc-8af1-630c49102370,东阳市横店自来水有限公司,寿险公司,不分配,信息披露虚假或严重误导性陈述,保险公司债,1.0
2b56b6f2-2022-4fe7-b955-1d8120f363df,惠州亿纬集能有限公司,,转增,涉嫌违反证券法律法规,,1.0
2a163b06-2367-43b6-9049-e2ddef334fd7,内江祥澳置业有限公司,,,,,1.0
2d2b451e-995b-4459-9846-d98ca2f040bf,香河瑞鸿房地产开发有限公司,担保公司,,未及时披露公司重大事件,可交换债券,1.0
3305766e-e827-4a5a-9e80-18a1e4fd6a3d,南通荣盛置业有限公司,,现金分红,,可转换债券,
2d412ae8-de07-4896-bdf5-f72ad5e800ff,遵化融融房地产开发有限公司,证券公司,送股,其它信息披露违规,公司债,1.0
2d990ba3-10b9-4b51-904e-f71c7ec6a676,杭州文化广播电视集团有限公司,,,,,0.0
30d70875-9b02-4a5d-9fb4-13737aee7c80,杭州滨泽投资管理有限公司,寿险公司,,,中期票据,
35094acf-43e9-435b-944f-9e7d076a9b5d,凯盛家纺股份有限公司,其它,,,,0.0
2f3ff75c-e1b8-4dcd-99bf-204990395576,宝湾产城发展（无锡）有限公司,,,,,1.0
2343b1e2-7ecc-4589-9e5a-ad24d97e7f9b,江阴市锦绣江南环境发展有限公司,,现金分红,未及时披露公司重大事件,,0.0
3132182b-9980-4f48-b206-49427a3d649a,临沂金丰公社农业服务有限公司,,现金分红,其它信息披露违规,短期融资券,0.0
391dbca4-9960-49ab-9788-26ac94e6110e,烟台锦辰房地产开发有限公司,担保公司,转增,其它信息披露违规,公司债,0.0
320f239c-4e8a-4239-b0d4-74a1499aee0a,杭州萧山三阳房地产投资管理有限公司,,现金分红,,,1.0
3c62afe9-f56e-4e73-a523-dc2859399dbe,威海锦展置业有限公司,寿险公司,,未依法履行其他职责,定向工具,0.0
3306557a-4f6a-4bcb-a089-cd18a077b577,河南龙宇房地产开发有限公司,其它,,违规交易,可交换债券,0.0
32daee30-ecf6-4d98-8900-271520e65d4f,嘉兴睿钇置业有限公司,,转增,业绩预测结果不准确或不及时,超短期融资券,0.0
400ea29e-63e6-417f-8c77-859830def3a1,苏州朗宏置业有限公司,证券公司,,,超短期融资券,
3ff34a74-10f3-4393-85a8-8510c2ad1e9c,民权县金联投融资有限公司,投资公司,转增,,公司债,
28becbff-0f18-40ef-8688-44a68aefd59b,清远保泓置业有限公司,,转增,,,1.0
3344e765-dd57-4f49-b3ce-12cf2a5b331f,南昌赣鄱珍奇植物园有限公司,,,未依法履行其他职责,证券公司次级债,0.0
341694b0-2c82-458a-9f1f-1091128afd00,南京丰泰产业园管理有限公司,寿险公司,不分配,涉嫌违反证券法律法规,企业债,1.0
39e04b07-8bee-44a1-93f0-6c47ee422b9d,青岛广林置业有限公司,,现金分红,,短期融资券,
347ed934-7e8e-4a5f-9743-b72c6f55097f,杭州滨迪企业管理有限公司,,转增,未及时披露公司重大事件,,1.0
344644b2-1248-41ab-b4d3-6497a6dd6f7a,沧州万合金郡房地产开发有限公司,,,业绩预测结果不准确或不及时,企业债,1.0
49e97fd2-bb47-4bde-bd44-c61295d48a61,广州长隆集团有限公司,,,信息披露虚假或严重误导性陈述,,1.0
3578de6b-ddaa-477c-9071-19e4a7c39f4a,青岛市即墨区丁字湾投资发展有限公司,投资公司,不分配,,保险公司债,
386f4ace-64eb-4cd4-856a-c988f5ba1f07,安吉紫梅实业有限公司,证券公司,送股,涉嫌违反证券法律法规,短期融资券,0.0
4b7f1c83-5b3d-4da7-b30e-df75eaf47041,南京裕锦房地产开发有限公司,,,,超短期融资券,
2ff25ac9-5ad2-4b86-9925-e3bc65f34beb,陕西沣德置业有限公司,担保公司,送股,其它程序违规,证券公司次级债,1.0
2d316e4f-95cd-459d-8018-000da0732909,江西煌盛房地产开发有限公司,投资公司,送股,,可交换债券,
36bd124c-343f-40bf-bf00-d4208b5cbf6a,渭南华岳逸景置业有限公司,金融控股集团,现金分红,,,1.0
3dfccfda-90b5-4821-971e-88eeed03124f,青岛锦拓房地产开发有限公司,,,,,0.0
2e27b827-3ff2-4d6e-97ee-a8fb24a6c089,淄博万嘉置业有限公司,其它,不分配,其它程序违规,,1.0
31f968b3-b606-48fb-84f2-7fe633f0a35b,长治市财通投资控股集团有限公司,,转增,其它程序违规,,1.0
3e2cb57c-4df1-4b5d-b6f4-5cf752277066,上海中南金石企业管理有限公司,,,业绩预测结果不准确或不及时,,0.0
3c045d39-5480-4042-b483-b3063e8d1454,杭州乾东投资管理有限公司,证券公司,不分配,未依法履行其他职责,短期融资券,1.0
31cc7afd-0004-4195-ab96-c6e37d150629,东阳市国置房地产开发有限责任公司,寿险公司,,,定向工具,
409fea81-76d7-41a1-be08-8ecf0d789b5f,四川叠云联动科技产业有限公司,担保公司,,未及时披露公司重大事件,,1.0
3dc5dca8-edd4-441d-8fe7-7edace3b499a,确山县产业集聚区投融资有限公司,担保公司,送股,,,0.0
487e49ef-c964-438c-8617-a4dd6213bece,洛阳新强联回转支承股份有限公司,证券公司,现金分红,,可转换债券,
3de8dd27-9a14-44a3-b025-97b79f71abe4,邯郸交通运输集团有限公司,投资公司,,涉嫌违反证券法律法规,,0.0
3faf8dc9-e065-45f3-a172-298650a62d36,四川东辰（集团）股份有限公司,其它,不分配,,可转换债券,
42adfa97-4469-4975-a6ff-9f2190fa70ed,浙江捷昌控股有限公司,担保公司,,,短期融资券,
4bc13963-473c-44b6-a127-74a6dd7ccc8c,沭阳亚森同汇实业有限公司,寿险公司,现金分红,其它信息披露违规,,1.0
46ad9359-d844-492a-8e0f-762e50bcd058,江西华尔盛科贸有限公司,寿险公司,送股,,券商专项资产管理,
420b00a4-f397-4e6f-87b3-f369e496f997,项城市国有资产控股管理集团有限公司,,送股,,证券公司次级债,
4b7181d3-b4bf-4844-a654-9e8ab0b7a015,广州广宏房地产开发有限公司,金融控股集团,送股,,,0.0
412d1163-4318-4dd6-a6b4-022cd98d03b4,衡水中南锦衡房地产有限公司,资产管理公司,,其它程序违规,券商专项资产管理,0.0
33bc6723-6b51-4eee-a46a-c2198c982cf9,四川交投地产有限公司,担保公司,,业绩预测结果不准确或不及时,中期票据,0.0
4b51f6d1-0a8f-4acd-9f89-e27987b7395e,涟水安骏置业有限公司,金融控股集团,,业绩预测结果不准确或不及时,可交换债券,0.0
356c6dd5-678c-4c80-b6c3-0b67c2d009d3,苏州市相城区漕湖产业园发展有限公司,金融控股集团,,,,0.0
4598931f-578d-41af-95d5-f529f7fd1ecf,郑州文华置业发展有限公司,,,其它信息披露违规,短期融资券,1.0
4362c9b2-d028-46bb-9f8f-8403d34b9e26,山西建筑工程集团有限公司,投资公司,不分配,未依法履行其他职责,可转换债券,1.0
517e1c93-d6f1-4417-b5c4-1fcb3f6d0d85,南京锦凡置业有限公司,,转增,未依法履行其他职责,中期票据,0.0
4dc8b45b-5a5c-4ca2-9e7f-daeda512a47c,汇仁集团有限公司,资产管理公司,送股,,短期融资券,
52abb31f-9280-48ce-a05d-efd4515bcc85,珠海华曜房产开发有限公司,寿险公司,现金分红,信息披露虚假或严重误导性陈述,,1.0
392b3b63-03fa-498f-9f64-40f9ef84bd2b,宁波东韵置业有限公司,寿险公司,现金分红,未按时披露定期报告,,0.0
386b57f3-2823-425a-b835-d0175df15d43,杭州滨碌企业管理有限公司,担保公司,送股,,,0.0
52abcb18-0380-4ba1-a3c1-d155fbbfaece,深圳市振业（集团）股份有限公司,证券公司,转增,其它信息披露违规,券商专项资产管理,0.0
512fa2f1-23e3-49ca-b8cb-2accaec59c9c,福鼎宏筑置业有限公司,担保公司,转增,业绩预测结果不准确或不及时,,1.0
476c385d-0468-41ef-b04f-555ab25f1ba2,龙南旅游发展投资（集团）有限责任公司,投资公司,现金分红,其它程序违规,,0.0
4a089757-736a-4a44-a407-51a709f27c37,深圳蓝光和骏投资有限公司,,转增,违规交易,,0.0
3adc810d-96c2-497e-beac-1a5dd10c12a3,济宁广仁置业有限公司,,不分配,,,0.0
48592dd7-cc49-483f-9de1-348f43ead070,河北昊科房地产开发有限责任公司,担保公司,送股,,企业债,
4f9b3ed4-09b7-4f02-b5eb-cc1690ef045a,广东德达实业有限公司,担保公司,转增,,,0.0
3d945e63-08f6-45ed-9e2b-34100d2b41a9,河北荣宏房地产开发有限公司,担保公司,送股,,券商专项资产管理,
597df5be-0f76-4d2b-b3e5-a5cb256b2255,龙口市福尔生化科技有限公司,,送股,未按时披露定期报告,,1.0
4a88fba2-2503-4ba8-a54f-d391a797c7d7,濮阳开州投资集团有限公司,担保公司,,未按时披露定期报告,短期融资券,1.0
49018540-37fd-446a-a71a-03f5f700fa72,广东冠粤路桥有限公司,金融控股集团,,,,0.0
4eabfb11-ad27-40cb-a952-d3b9ecb2a1e4,杭州浙达投资有限公司,证券公司,送股,未按时披露定期报告,可转换债券,0.0
68c33b96-5184-43e2-9783-3368bc50ccb1,宝鸡坤锦置业有限公司,,送股,未及时披露公司重大事件,保险公司债,0.0
41022599-020f-497a-a29c-64e7d436e269,苏州铧福创盛置业有限公司,证券公司,现金分红,未依法履行其他职责,可转换债券,1.0
5006881e-9b5c-4402-99cc-7fd43555e927,广州市品高软件股份有限公司,担保公司,,,,0.0
55604f46-f260-4ab2-9eff-a8668f96a20a,杭州滨讯企业管理有限公司,金融控股集团,不分配,,,0.0
5348fe29-4210-4208-a5b5-d32718bc1b4d,南京裕辰房地产开发有限公司,寿险公司,不分配,涉嫌违反证券法律法规,企业债,1.0
568da720-6ef1-4ab9-9482-cc6eb33ecc58,江西达阳房地产有限公司,证券公司,,涉嫌违反证券法律法规,可转换债券,1.0
56b76c94-f986-4af1-a915-34ca79c432bf,晋江市新佳园资产管理有限公司,担保公司,送股,未按时披露定期报告,券商专项资产管理,0.0
5d7abede-13b9-47e6-95a4-7d3120e20205,成都东顺投资有限责任公司,其它,送股,其它程序违规,,0.0
64dd3963-db0c-4e6b-b2e8-f6588835e8bc,浙江申通瑞盛快递有限公司,寿险公司,转增,,券商专项资产管理,
4cedbb50-0d2d-41d5-95a2-dd7906fbfa20,浙江国祥股份有限公司,担保公司,,未依法履行其他职责,保险公司债,1.0
64edd520-52c1-4f47-9475-4793e270969c,廊坊市辰智房地产开发有限公司,,,未按时披露定期报告,券商专项资产管理,0.0
450cdea6-61cf-4b99-9d19-91a90bc7fa4b,抚州市投资发展（集团）有限公司,证券公司,,涉嫌违反证券法律法规,企业债,1.0
596b27d9-9dc7-4352-b1c0-ee417cb2f2ca,赣江新区万益金赣实业有限公司,,,违规交易,短期融资券,1.0
6928aa48-2071-4a73-8810-673046ad436c,杭州鹏元投资管理有限公司,担保公司,转增,业绩预测结果不准确或不及时,定向工具,1.0
4d52686a-d4fc-4d83-8e22-242a415dedb9,潍坊德利信房地产开发有限公司,金融控股集团,现金分红,,,0.0
6263691f-e49e-487d-bb5e-31a079445385,广州星月湾实业发展有限公司,寿险公司,送股,未依法履行其他职责,券商专项资产管理,0.0
66abe25e-430d-4b00-b271-90c8b2e941c5,潮州华碧投资有限公司,证券公司,不分配,其它程序违规,,1.0
5cfa4c1d-8c7a-4001-a7ce-f5c782c6f05f,杭州滨禹企业管理有限公司,寿险公司,现金分红,业绩预测结果不准确或不及时,超短期融资券,1.0
5d546cc7-295d-44ca-918a-ad4e105d788f,济南金泉房地产开发有限公司,投资公司,不分配,其它程序违规,保险公司债,1.0
5e3d0486-0711-4b0f-98a5-664ac70d237a,义乌市天然气有限公司,,不分配,信息披露虚假或严重误导性陈述,公司债,1.0
67a58bc1-8e2e-4275-9e77-b285595d9e35,杭州滨儒企业管理有限公司,金融控股集团,转增,,,0.0
5bd8939d-2946-4431-9b2e-abba48801f4e,宁波亿兴企业管理有限责任公司,寿险公司,不分配,未按时披露定期报告,,1.0
508bf06e-135d-4b13-bd98-de83b826b5b9,宁波市赫雅商务服务有限公司,,,,可转换债券,
516e52f9-a3f6-4a59-b8a1-4efd02b118f0,南京荟宏置业有限公司,资产管理公司,转增,,,0.0
57e61252-5a10-4c90-bc61-5cd9e68d6982,汕头市粮丰集团有限公司,其它,,违规交易,券商专项资产管理,0.0
617b1b7d-ee61-41ba-b5bd-78d65be599a4,常州牡丹弘都房地产有限公司,担保公司,,违规交易,可交换债券,1.0
6da6a051-61fd-4dd0-8dc3-2468b1a74fdc,九江鄱湖置业有限公司,资产管理公司,,未依法履行其他职责,可交换债券,0.0
4c125f13-77de-41bc-b204-869917b93193,雅安海纳房地产开发有限公司,证券公司,,,,0.0
52490e1d-7240-4e02-8cd1-28700a308180,河北古城香业集团股份有限公司,金融控股集团,,未及时披露公司重大事件,,0.0
5fd388c8-52e4-4ec5-8782-5a9b024514df,广州金瑞房地产开发有限公司,其它,,未依法履行其他职责,可交换债券,0.0
5189cabb-f10a-478c-81fd-df79170bea59,上海华飞置业（集团）有限公司,投资公司,,,企业债,
4c78edb0-21db-452f-96a7-a74c13664fd3,浙江德晨旅游开发有限公司,证券公司,,,短期融资券,
48a1a1f4-051f-494d-903a-aaeb1c203beb,绵阳市三汇房地产开发有限责任公司,其它,现金分红,其它信息披露违规,券商专项资产管理,0.0
5328b390-5388-4b60-b4c8-07629de4d2e9,浙江玉环华电风力发电有限公司,寿险公司,,,,0.0
5f8cba3d-6dd8-432f-b597-8d92b365fe4e,温州慕跃投资管理有限公司,,不分配,未按时披露定期报告,可转换债券,1.0
4d9c918a-c59d-4f78-a45e-7116bc485543,开封市祥符区国有资产投资经营有限责任公司,,,,保险公司债,
6a4bced9-2a54-4cc7-9575-32074d5ba565,淄博和鸣置业有限公司,证券公司,转增,,证券公司次级债,
62c9d3dd-8df4-4277-a383-d4df6bca5b9f,温州弘睿投资管理有限公司,金融控股集团,,,券商专项资产管理,
6ddbf94a-ddf9-48dd-8cb4-d03d8b249eb6,南阳金上百世房地产开发有限公司,,,未及时披露公司重大事件,可交换债券,1.0
69e1ea51-42de-408f-bcdd-3b7a86989c97,杭州滨呈企业管理有限公司,担保公司,,,超短期融资券,
5727eec0-8a2b-49b5-bf99-d423907e35c9,扬州绿色产业投资发展控股（集团）有限责任公司,,,,可转换债券,
667ddae5-e261-4248-80fd-38fc6720e38f,启东中邦房地产开发有限公司,,,,,0.0
5fab6e05-74d8-4d52-88dd-5703bc6dea92,广东通力定造股份有限公司,,,,,1.0
55116ee7-96de-408c-ba50-6c2e27146590,高密市国有资产管理有限公司,担保公司,,其它程序违规,保险公司债,0.0
6b55e084-8f51-46ec-ae4e-0c16aa78a547,佛山融展置业有限公司,,转增,涉嫌违反证券法律法规,证券公司次级债,0.0
77f921d0-4dc5-40e8-8648-036f2a9e739c,盐城市天然气开发利用有限公司,证券公司,不分配,其它信息披露违规,可交换债券,1.0
83b54ef7-f41e-4e52-9427-f6febc2f3671,宝鸡市投资（集团）有限公司,投资公司,,违规交易,定向工具,0.0
602ea2ab-6902-4154-b90c-2d3a29bb82b2,河北诚信有限责任公司,投资公司,现金分红,未依法履行其他职责,,1.0
5a5431da-8a10-427a-884a-2e54f7212b69,蓬莱市恒世置业有限公司,,,,,1.0
6b1562bb-0ab1-4402-9dc9-67865f8364e4,广州荣盛房地产有限公司,投资公司,,,券商专项资产管理,
6d751a59-694e-4dbd-9f54-be1c6f2186fa,苏州市斜港置业有限公司,金融控股集团,,未按时披露定期报告,定向工具,0.0
61302b88-30aa-4612-828e-65c2532d5552,福州鼎成房地产开发有限公司,其它,转增,,,0.0
5bcebc43-3e9e-47e3-966d-4f51b9149660,阜宁县自来水有限公司,证券公司,送股,,,0.0
69a33428-e2ed-4caf-bb60-1adee41ef43e,泉州中泽房地产开发有限公司,,,其它程序违规,,1.0
7241615d-a9fa-49ce-b409-e4d37cedbc06,烟台传化置业有限公司,证券公司,转增,,,0.0
7096f57c-81de-4b30-aaa6-3f876edf4dc7,泸州金泓房地产开发有限公司,,转增,未及时披露公司重大事件,可转换债券,0.0
7327286d-3aa1-42b3-a889-8a80a2210166,山东大陆置业有限公司,证券公司,送股,,,0.0
5d2b4de2-3764-4584-8ac3-4ceafd88eb09,唐山荣盛房地产开发有限公司,,不分配,涉嫌违反证券法律法规,定向工具,0.0
8578179c-954d-4476-81b2-78d99b49e4d1,凯奇集团有限公司,资产管理公司,现金分红,业绩预测结果不准确或不及时,企业债,0.0
6f52fa62-c0ee-4c3f-89e0-8f34b1e3e9da,郑州铧茂创盛置业有限公司,,,,,0.0
6d89326d-4170-4bc5-9779-91380f2a7f34,香河荣信房地产开发有限公司,寿险公司,现金分红,未按时披露定期报告,,1.0
6e84d298-84f4-42f8-a1d4-e7dca43f96af,宝鸡烨坤置业有限公司,金融控股集团,,其它程序违规,证券公司次级债,0.0
5902fedf-ffee-4309-97b5-5f4c8426aa4b,徐州中淮置业有限公司,其它,,未按时披露定期报告,企业债,0.0
65c5b454-fef3-4687-9a27-391b0527f7ed,淄博来仪置业有限公司,,,,,0.0
6ea42f6d-1f49-457c-b73a-2c76376741b4,常州齐梁建设集团有限公司,金融控股集团,转增,,中期票据,
5eeabbad-5ca9-44f6-a253-2599430ab443,杭州滨颂企业管理有限公司,,,,定向工具,
710951e7-d10b-44e4-ae20-f6701cd7ed5e,浙江金华山旅游文化投资发展有限公司,寿险公司,转增,其它信息披露违规,,1.0
5f33a9f8-2db8-4ade-b03a-e2f2de96f343,信阳宝昌置业发展有限公司,其它,,未及时披露公司重大事件,,0.0
72825575-406d-45d1-90aa-628e4f33190f,宜兴市兴陶资产管理有限公司,证券公司,,信息披露虚假或严重误导性陈述,,0.0
73249574-2237-4a34-a866-36e49deb3e5f,河北安居房地产开发集团有限公司,证券公司,不分配,,,1.0
6056b883-fcda-4be4-a678-826bddcc60c3,陕西达美轮毂有限公司,担保公司,现金分红,,,0.0
791ccd27-b693-42fb-9628-95eab2f46e87,西安炬坤房地产开发有限公司,投资公司,不分配,,超短期融资券,
77dc1c54-96cc-49e3-9239-b904abfeb7ea,四川省精华房地产开发有限公司,,转增,未依法履行其他职责,券商专项资产管理,1.0
6139c408-a807-497b-9c69-889fa7ffb0a3,宜春市袁州区国投集团有限公司,寿险公司,,,短期融资券,
717a31c5-96e0-4c38-9c57-6c3e7df2aec4,沧州港务集团有限公司,,转增,,可转换债券,
6416af0c-ac4f-45ad-b7cc-f95c0aa727c9,兴隆县荣恒房地产开发有限公司,金融控股集团,,,,0.0
6bc9a8c7-a109-4a44-8140-b927f0c738a2,江苏广汇建设工程有限公司,寿险公司,送股,,中期票据,
8c8c9c99-a1f5-4b9b-8181-f920fcb5566c,重庆市清江实业（集团）有限公司,证券公司,送股,其它信息披露违规,可转换债券,1.0
7bac7933-b2e5-469f-a284-fdeb48d626ba,宁波中琨房地产有限责任公司,寿险公司,,信息披露虚假或严重误导性陈述,保险公司债,1.0
64d87aad-16fa-4a75-9ae7-af8af3cee323,南京彧盛置业有限公司,证券公司,,其它信息披露违规,,0.0
7ee4992e-3185-44a1-a5c9-b9b3b05fad1a,太原东峰金虎房地产开发有限公司,其它,转增,,,0.0
7b278baa-2b75-464e-9b46-d4ac712aa986,南京中北盛业房地产开发有限公司,金融控股集团,,其它信息披露违规,,1.0
66c24a2b-c90e-4fe2-8bef-bab11d4fd050,深圳市彩生活服务集团有限公司,投资公司,现金分红,其它程序违规,,1.0
812728d0-c352-479b-aa54-435b195f48b7,杭州逸扬投资管理有限公司,金融控股集团,,违规交易,,0.0
7dd87fe8-4bc3-4332-98a7-097a97c705fe,通江县红峰投资经营有限责任公司,,,,,0.0
817ff4ba-cc13-42a2-a6f9-d63e0b61cde7,淄博市金融控股有限公司,资产管理公司,,,,0.0
77dc1116-b281-4c10-abb2-f3fd9758e0c4,枣庄百俊房地产开发有限公司,资产管理公司,,,可转换债券,
684c199d-3a4d-40ec-b92e-d82ea3242b33,太原星光寰宇房地产开发有限公司,,,,,0.0
80307d75-9f70-47a1-a10a-2857cf8d06c6,常熟市尚联实业发展有限公司,,转增,其它信息披露违规,定向工具,1.0
6e2571a2-c5b0-4fc9-9516-0e3b71d6c2d9,北京首都开发股份有限公司,,,,短期融资券,
6bbb32c1-b059-47bc-9644-cb176f584aab,山东和骏置业有限公司,寿险公司,送股,未按时披露定期报告,保险公司债,0.0
8124f93f-2b11-4508-a062-cbc137962b46,宁波荣港置业有限公司,投资公司,,信息披露虚假或严重误导性陈述,证券公司次级债,0.0
7e79e14b-3ec5-4857-a2ea-a33195075f64,陕西太华旅游索道公路有限公司,资产管理公司,不分配,其它程序违规,,1.0
6c9a1540-d904-4afe-bad9-c5ce032fd143,苏州市招融致新房地产有限公司,担保公司,,,短期融资券,
6cdab923-188f-4796-9948-d7186b081173,山东嬴城控股集团有限公司,,,业绩预测结果不准确或不及时,中期票据,0.0
7af6c5cd-7b78-4521-beed-75be2de8a988,潍坊潍州投资控股有限公司,,,未依法履行其他职责,可转换债券,1.0
9d5d2540-a128-4537-94bc-80b43a811441,上海融栩实业有限公司,投资公司,现金分红,,券商专项资产管理,
8e3cf619-86a3-47e1-ab7f-ecca15f11297,泰山石膏（忻州）有限公司,,,未依法履行其他职责,,1.0
9d067a46-ae0c-46d7-a73a-777622ab157c,嘉善众祥房产开发有限公司,,,违规交易,可交换债券,1.0
7afe48a5-7d2a-4a74-b468-19ebc593d052,无锡英菲感知技术有限公司,资产管理公司,现金分红,其它程序违规,,0.0
727057c7-7d6c-4bd3-b4a4-bb1137fff353,西安高新金融控股有限公司,,,,短期融资券,
8753b108-cc3f-4134-9721-b24003ab48aa,德清裕达房地产开发有限公司,资产管理公司,,业绩预测结果不准确或不及时,企业债,0.0
87cdd633-1dff-4110-b597-14ee51810a3a,河南明源实业集团房地产开发有限公司,,,,,0.0
a4be4bea-40c9-4f44-ac97-ded35328fce1,华秦储能技术有限公司,,,涉嫌违反证券法律法规,公司债,1.0
9d4340ed-cb87-4fc6-8363-4f174b69c55c,张家口荣光房地产开发有限公司,,现金分红,信息披露虚假或严重误导性陈述,定向工具,0.0
840829c0-065a-4431-b3c6-94f9cff37818,瑞安蓝馨置业有限公司,资产管理公司,,,定向工具,
884081c3-a22c-4166-a3ff-d62c12bbac8a,世纪互联科技发展（苏州）有限公司,担保公司,不分配,,中期票据,
971588f5-b788-4cf3-ac0f-c37cecfab525,郑州君利置业有限公司,投资公司,不分配,,,0.0
6e5f5e23-ec45-4cd9-a3a2-faeccd3ac909,浙江湘旅控股集团有限公司,,不分配,,企业债,
a5a4e2eb-3d36-4a83-a584-a1fc8586be11,江苏东尚住宅工业有限公司,寿险公司,,,,1.0
84ee79ec-9d15-463e-86a5-549fe052fe38,南京金基通产置业有限公司,担保公司,转增,违规交易,,1.0
82aa1134-39b2-4920-9a1f-5a5f9907ac9f,上海贸嘉房地产开发有限公司,,送股,涉嫌违反证券法律法规,企业债,1.0
8a9ca4ab-e3d0-45ad-aa0e-e0ff534caa46,西安市四腾工程有限公司,其它,,未依法履行其他职责,短期融资券,1.0
764d4cf4-6cfe-4acc-9c4c-746f52ffd3d3,河南志强置业有限公司,投资公司,,违规交易,中期票据,0.0
7fb1092b-4130-4eb3-bc0a-ae10be3930bd,南京飞燕活塞环股份有限公司,资产管理公司,,业绩预测结果不准确或不及时,券商专项资产管理,0.0
726a714d-9184-4ae2-bdd4-7ee86a3c2c00,河北国傲投资有限公司,寿险公司,,,,1.0
a178150a-aca9-4590-90f3-08efd043043c,新郑市裕坤苑房地产开发有限公司,,,未依法履行其他职责,可转换债券,0.0
a820ee0f-e253-4e87-a536-3a1f4d471fb1,扬州建工控股有限责任公司,证券公司,现金分红,,,0.0
72541732-99f0-48f7-a155-44ab5bf92379,润念（上海）实业发展有限公司,担保公司,送股,未按时披露定期报告,中期票据,0.0
9cd7e676-30c7-499b-9329-707b34788ae5,福州蓝光炀均置业有限公司,投资公司,,信息披露虚假或严重误导性陈述,中期票据,0.0
79eafe03-8e08-45cd-b527-9cd73450eaf3,嘉善裕佳房地产开发有限公司,,现金分红,,,0.0
7f1d89ba-e8a9-4463-907f-d559c9cad6b2,宁波市兴奉开投建设有限公司,其它,,,证券公司次级债,
9937ab04-fcd0-40c2-b9e0-733302802af7,寒锐投资（南京）有限公司,投资公司,现金分红,,,0.0
7f299270-982e-4cd3-922f-19b8b8b54f52,常熟招商琴湖投资发展有限公司,寿险公司,,未及时披露公司重大事件,,1.0
a04374b9-1517-4bbf-9dc5-5ac378a6d1b5,河南嵩基房地产有限公司,,,涉嫌违反证券法律法规,中期票据,0.0
73ed772e-8ccb-4445-8b56-9bc5e183a279,茂名市保臻置业有限公司,投资公司,,,,0.0
9b85741e-e856-422e-9a66-5362b4486787,南京招平利盛投资有限公司,金融控股集团,,,,1.0
a17c2f90-7a9f-4407-8c75-5bc19de2a955,潢川县奥盛实业有限公司,,,涉嫌违反证券法律法规,券商专项资产管理,1.0
92f39f96-8258-499f-896a-379fc7e4bf0a,青龙满族自治县祖山新绎旅游发展有限公司,投资公司,,违规交易,,1.0
877a4533-b298-4e8e-ad75-2de31c5912fd,河北中泊防爆工具集团股份有限公司,寿险公司,,,超短期融资券,
77311f48-2a4b-4278-906a-33032a5454e0,故城县茂丰农业科技开发有限公司,投资公司,送股,,,0.0
809cb61e-9957-4313-ac59-0b7fb712a2e2,浙江荣盛控股集团有限公司,,,其它程序违规,可转换债券,0.0
935d7acf-e643-4766-8c60-031f1bcba898,万安县欣源工业开发有限公司,金融控股集团,转增,,企业债,
95c09da6-60d7-4259-b738-cdc272e0a3ee,江苏五岳置业投资发展有限公司,金融控股集团,,业绩预测结果不准确或不及时,,1.0
ab3b5b13-073c-405f-b053-eeb6ce5581c1,嘉兴市联众实业投资有限公司,,送股,信息披露虚假或严重误导性陈述,定向工具,0.0
76cfafaa-d764-44db-8626-1870437c436b,惠州汉弘实业有限公司,,,业绩预测结果不准确或不及时,短期融资券,0.0
955f020a-1034-4b77-b712-6113fd33268a,西浦教育投资管理（太仓）有限公司,其它,送股,,,1.0
960ae8f3-a290-48d4-8ee3-fae53f92198e,江苏星振实业发展有限公司,,送股,业绩预测结果不准确或不及时,公司债,1.0
9520b365-80f1-4508-8303-0b4c486f9248,温州瑞乾置业有限公司,投资公司,现金分红,,,0.0
a1dcb93d-f060-4dc6-a90b-003a4fed99b7,汝南县天中投资有限公司,证券公司,不分配,,,0.0
775a7c59-e155-4351-b1d6-bf9ef0103bfb,山西荣太房地产开发有限公司,其它,转增,,,1.0
88c82ffd-a701-4ce8-9956-650af00a0cfd,青岛恒美置业有限公司,,现金分红,业绩预测结果不准确或不及时,短期融资券,0.0
9857e67c-cf69-4ca3-a844-4ee65922e7e6,信阳荣阳房地产开发有限公司,,转增,,,0.0
94dcd483-3345-496f-bd45-77fea60cebc4,福建兆和房地产有限公司,金融控股集团,送股,,超短期融资券,
ab58405c-5a08-41bc-8db5-43bbe3948975,青岛万州联合置业有限公司,,,未按时披露定期报告,,1.0
a068a353-0bb0-403b-9f7a-8ae1a700a568,徐州信实德旅游开发有限公司,,,其它信息披露违规,,0.0
ae6e9019-5f85-4c33-9f27-22c9b9a63717,杭州振泰资产管理有限公司,其它,不分配,其它信息披露违规,,1.0
a1907536-0cf3-45e7-a137-b4a8e7f01e28,泰安鸿锦置业有限公司,证券公司,,未按时披露定期报告,定向工具,1.0
9f29c3a5-cd6e-4eb8-83ce-b2ab3de1b1ee,江苏朱方置业股份有限公司,担保公司,,,,0.0
941ee487-d8e5-44bb-8ca0-d9c2c4fe647f,青岛招商铭华置业有限公司,担保公司,,,公司债,
830d6513-1198-4673-9e09-e42face6f1db,重庆世纪金马实业（集团）有限公司,,送股,其它程序违规,,0.0
b5acd5f3-2b2c-410a-a4c5-a18a8dca8f9c,金华交投建筑工业化有限公司,,送股,,,0.0
ac505660-a839-4aea-84f3-470c4347cf7a,青岛润通铭苑置业有限公司,,,违规交易,,0.0
9085d59a-99b2-4fe8-9c93-b26683e4c0bd,浙江交工集团股份有限公司,担保公司,现金分红,,,0.0
a6ef17c6-6ac8-4fbf-a337-9d82fd4c1088,江苏长龄液压股份有限公司,寿险公司,现金分红,,,0.0
87f1f142-6851-47f9-9451-ef3cb4360032,漳州泛华实业有限公司,,,,可交换债券,
989f393c-0d73-459b-87c8-6103796111e4,华丰动力股份有限公司,投资公司,,,定向工具,
a316a327-da8f-436d-9e1b-dc6060e87106,深圳市俊峰实业发展有限公司,寿险公司,,,,0.0
87e90a03-65ea-46a9-8c79-a48617347b60,杭州滨泰投资管理有限公司,资产管理公司,现金分红,信息披露虚假或严重误导性陈述,可交换债券,0.0
b9426f28-a862-4a43-8234-cc52ecc57515,湖北清能投资发展集团有限公司,其它,,,,0.0
9857ca48-fa49-4016-bf01-551dfb5e92ff,浙江港宇实业有限公司,,送股,违规交易,证券公司次级债,0.0
aba131d8-038a-4962-b21f-0fb69bcc74e8,太原星光城房地产开发有限公司,投资公司,,信息披露虚假或严重误导性陈述,定向工具,1.0
8b15b6e9-8a66-4e86-85d0-b0acc6d74b52,重庆粮食集团云阳县粮食有限责任公司,其它,,,企业债,
be69f7d9-f363-4891-be91-2162cb1b182c,中国环境保护集团有限公司,担保公司,不分配,,短期融资券,
9c89b35c-e5fe-4c30-a2ec-4e7f71d52ab4,广州西门子变压器有限公司,,,,,0.0
93257101-74a7-44d1-a865-2795f7398c4d,杭州蓝光和骏诚业房地产开发有限公司,投资公司,送股,未依法履行其他职责,超短期融资券,0.0
bad86927-cd7a-438d-aafb-b2ebf5084b15,山西国新液化煤层气有限公司,金融控股集团,不分配,,,0.0
ba42cfa0-e32d-4c0b-8be5-557272966601,浙数文化科技发展（浙江）有限公司,寿险公司,转增,未按时披露定期报告,,1.0
91798d80-b45f-4dab-bee3-65866214398b,上海汇衍置业有限公司,资产管理公司,,,定向工具,
ad385bd2-fdbb-4263-bfd2-caefd28c3ca8,温州市歌旸置业有限公司,资产管理公司,,,保险公司债,
83cd513d-b04d-44c6-a61e-54979bb0d629,杭州聚光房地产开发有限公司,证券公司,,,,0.0
bc6f244c-02b0-4ebc-b4a6-d5d24bee4cc5,泰州会宾楼宾馆有限公司,,,,公司债,
ae3a1ffd-7ab5-4ab8-8241-63ad525324c8,杭州胜意实业发展有限公司,,转增,信息披露虚假或严重误导性陈述,可交换债券,0.0
936443b5-a43a-4f25-9939-4a326fafcac3,兴隆县盛远房地产开发有限公司,其它,不分配,其它信息披露违规,,0.0
c0830b17-d164-4d96-83a6-caab6b949dc5,南京彣茂置业有限公司,金融控股集团,不分配,涉嫌违反证券法律法规,可转换债券,0.0
af869911-7147-46fe-9935-6f39e7286da8,乐山国有资产投资运营（集团）有限公司,证券公司,,其它程序违规,可交换债券,1.0
c095050f-bddc-4c37-a90f-a19030c08915,眉山加悦置业有限公司,证券公司,,,定向工具,
aa7d72c9-c8bb-474e-bd71-030d8f9f6c26,前海科创投控股有限公司,投资公司,,未及时披露公司重大事件,可交换债券,0.0
abc09ab7-1622-4a29-9069-a93076f0340e,福州臻拓房地产开发有限公司,担保公司,,未依法履行其他职责,中期票据,1.0
ba6f7209-9bfa-4bd2-b5cd-f86b42bd3c3a,石家庄荣真房地产开发有限公司,证券公司,送股,,,0.0
adff86da-41d3-4fc7-8767-30dfdd0cea36,成都招商北湖置地有限公司,其它,,,企业债,
8bdcb3d8-4eda-4ad9-8838-2251c7310f30,济南鲁茂置业有限公司,,,涉嫌违反证券法律法规,短期融资券,1.0
86b9f538-7f88-4e99-ace7-aff8e1f27409,诸城外贸有限责任公司,投资公司,不分配,未按时披露定期报告,超短期融资券,0.0
c6288352-e66c-4089-bc97-386627ee5825,云尚发展（淄博）有限公司,投资公司,,,,0.0
bb6e99cb-d67f-4f1c-be52-15ecf1bc0517,厦门亿联软件有限公司,其它,,,中期票据,
98dcbbf5-9613-4192-8f85-993d313ba132,佛山金御房地产开发有限公司,证券公司,不分配,,中期票据,
c911853d-dd05-4b02-a799-c5b3fe5bf67c,福建百德置业有限公司,金融控股集团,,违规交易,企业债,1.0
c710fa75-b618-45b5-8c45-bcd086fec065,英德市锦顺房地产开发有限公司,寿险公司,不分配,,,0.0
bd8f58d1-f204-4874-a126-f796b7687b0a,泰州市姜堰区经开集团有限公司,金融控股集团,,,定向工具,
a535423d-bf25-4e65-adea-57fd111692ff,江苏长博集团有限公司,资产管理公司,,其它程序违规,可转换债券,1.0
a51d3904-4b0c-4cd7-9b05-5e59d0d04804,重庆北麓置业有限公司,资产管理公司,,,,0.0
c4344170-034f-4cad-838b-4da8b560dcf1,德阳经开区发展（控股）集团有限公司,担保公司,,,定向工具,
b288c71b-ebeb-44c5-bcf4-11c885745dde,莆田联涵泰置业有限公司,担保公司,转增,未及时披露公司重大事件,中期票据,0.0
a68eeb03-418a-4f81-bfed-e6f6dcc8c6df,苏州伟业集团有限公司,担保公司,,未依法履行其他职责,中期票据,0.0
ca91eb89-47ae-4283-9c06-2934b69294b5,横店集团控股有限公司,资产管理公司,,,证券公司次级债,
d107e0e0-b8f8-4ad6-94f0-795551f7680c,浙江南都房地产服务集团有限公司,,,其它信息披露违规,短期融资券,0.0
a9a2744b-fbaf-46c4-8fdc-ae4d17fc7d34,上海融御置地有限公司,证券公司,现金分红,,可转换债券,
c5ff0951-20c0-4126-9b09-ee689be843c7,南京惠都企业管理有限公司,证券公司,,,公司债,
9359df53-b481-45d2-bdf5-03acc5bc89b9,重庆开州建设工程有限公司,金融控股集团,不分配,,,0.0
9db686bd-e226-40cf-a64d-30cb0fce91a3,青岛源诚和璋置业有限公司,,,,中期票据,
c5ebeac2-8566-4524-98cd-fbe8b9b89391,重庆云中明珠置业有限公司,资产管理公司,,信息披露虚假或严重误导性陈述,超短期融资券,1.0
93dd6a3a-a4e4-4a01-a6ea-2f47931f4669,苏州锐鸣企业管理有限公司,,,涉嫌违反证券法律法规,中期票据,0.0
a6d4b331-013f-46b8-8025-47679843287d,成都兴城人居地产投资集团股份有限公司,投资公司,,未依法履行其他职责,,0.0
9454ff3e-6936-461b-aec9-9438068f4b19,厦门中玮置业有限公司,,,未及时披露公司重大事件,,0.0
9c24478b-c156-47a6-b892-a4d3857b6d40,江苏省建设集团公司,金融控股集团,,其它程序违规,,0.0
c7abef8a-c7de-4406-91c9-763389a7e361,恒申控股集团有限公司,,,未按时披露定期报告,,1.0
9c4c8ef5-3f67-4611-846c-c903c85fb650,涿州盛丰和华房地产开发有限公司,投资公司,转增,,,0.0
c7204a40-b280-4dc7-bac6-0ce1a063b226,信阳辰盛置业发展有限公司,,,,,0.0
be819add-416d-4af3-bd33-339a1b863218,郑州亿瀚房地产开发有限公司,,送股,,,1.0
aa6e4b06-220c-4d89-8ffb-875f7a33cc9b,河南鸿宝集团有限公司,担保公司,,,定向工具,
d430704b-0d0f-4e5e-bab3-f0b0ffafd55c,江西东旭投资集团有限公司,寿险公司,现金分红,其它信息披露违规,,0.0
bc694de2-1b4d-4be8-92af-d8b24535ad9e,珠海市金谷园投资有限公司,资产管理公司,转增,,可交换债券,
ab3406de-0b0e-46a6-85c0-3c0aa9829af4,德清县下渚湖湿地旅游发展有限公司,其它,,,券商专项资产管理,
cd564493-a86b-40ac-a310-5bbcf3eb3a75,杭州滨嵘企业管理有限公司,其它,,,公司债,
a2e1262e-bf60-4b0f-8400-9d87eb6ed652,杭州韵合企业管理有限公司,投资公司,,涉嫌违反证券法律法规,可交换债券,0.0
ab72c722-2662-46ae-b6a5-6a33d55514bb,徐州高铁置业有限公司,,不分配,其它程序违规,可交换债券,1.0
aa454288-cff6-4e5a-a782-e783da73611d,重庆市搏展房地产开发有限责任公司,担保公司,不分配,其它信息披露违规,中期票据,1.0
ab873564-044e-42db-8347-4c25eeee5874,福州蓝盛置业有限公司,资产管理公司,,信息披露虚假或严重误导性陈述,可转换债券,0.0
9a9ebf95-d6a8-4008-b0f0-2ab077e0f4a9,浙江富通科技集团有限公司,其它,,其它程序违规,,1.0
cc326136-c94c-4161-9bb6-211c610b1aa6,山东地平置业有限公司,金融控股集团,,违规交易,,0.0
c21b2069-014d-43a1-a864-c119607879c8,龙岩利瑞房地产开发有限公司,担保公司,转增,,,0.0
d001499e-76cb-49f0-a435-4184e35e5e37,陕西中勉投资有限公司,,送股,,,0.0
aa85643a-fa0a-4ac9-9792-fce5aecc231d,苏州亘茂置业有限公司,,现金分红,其它程序违规,,0.0
ad1da9eb-31af-45ed-ba24-a1949c82378b,清远聚创科技投资有限公司,证券公司,送股,其它程序违规,超短期融资券,1.0
a3e5b898-bdb7-4811-9fee-df2ac2babb12,广州合景控股集团有限公司,,现金分红,,,0.0
ad5aa495-17d8-4748-9afe-cd2f7499febb,广州丰泰产业园运营有限公司,,现金分红,未依法履行其他职责,超短期融资券,1.0
d0a60697-353e-429b-b890-8d6b8540f855,重庆主元多式联运有限公司,,现金分红,其它程序违规,可交换债券,1.0
af3fda8d-76bf-48fd-afbf-8cd8263fa18b,元氏县钰泰房地产开发有限公司,寿险公司,,,保险公司债,
cf80f578-4147-4ace-8b32-eaea1932ed4a,重庆华峰聚酰胺有限公司,证券公司,,其它程序违规,券商专项资产管理,0.0
a686a839-0a84-4e3f-921d-1bddafa8d993,陕西朗坤投资有限公司,其它,,违规交易,公司债,0.0
ac386ac1-ec6d-4fdb-b1a7-83ecd383e1ad,秦皇岛兴龙房地产集团有限公司,投资公司,转增,其它信息披露违规,,1.0
ade6b228-30d0-4292-a850-4109696803bd,江西越和置业有限公司,,,其它信息披露违规,证券公司次级债,0.0
b3fed5da-5831-4dcf-b41b-43fa90318dc4,山东公用控股有限公司,担保公司,不分配,违规交易,,1.0
cd2dfed8-a398-4604-8b73-d222ac5fe4e8,重庆正惠置业有限公司,其它,不分配,,券商专项资产管理,
dd35108c-641a-4415-bf26-f2e7cb5cd796,凯博易控驱动（苏州）股份有限公司,证券公司,现金分红,未按时披露定期报告,可转换债券,0.0
b7c294b0-4b4f-4271-9ed3-e4316686fa9b,齐鲁动物保健品有限公司,,转增,未及时披露公司重大事件,,1.0
d6e46e52-6798-467d-b96d-ea896ed6150a,邢台县龙冈投资有限公司,担保公司,,未依法履行其他职责,超短期融资券,0.0
d82ef50a-7242-4ee3-b0c9-0405c07f5e0a,厦门兆翊蓉房地产开发有限公司,担保公司,,其它程序违规,券商专项资产管理,0.0
d989034e-ab6e-46ac-aff6-e0500571e555,枣庄市恒庆房地产开发有限公司,资产管理公司,,,,1.0
addf44c9-cafa-4f05-a6b8-6351e7f42b12,建湖县国投高科实业有限公司,,转增,其它程序违规,,0.0
a793f933-4ac4-419f-b332-1337dbb31439,杭州燚乐实业投资有限公司,金融控股集团,,,,0.0
b008e024-0db1-4edc-876d-c9a144179923,浙江今飞智造摩轮有限公司,担保公司,,业绩预测结果不准确或不及时,,1.0
db5fcc0f-136c-46f2-9335-3a76bb860d25,成都鸿望房地产开发有限公司,,送股,,企业债,
bd322ed0-f34c-4345-a553-8a37fc88dbfb,瀚蓝（漳州）固废处理有限公司,寿险公司,,,券商专项资产管理,
b5b9a701-f48c-4a33-b404-d0cc1ba6cee0,上海农口房地产（集团）有限公司,其它,,,,1.0
ccb5548d-f7ae-49ea-b5b5-fb3d9805345e,唐山碧兆房地产开发有限公司,,现金分红,,,0.0
d42f9bec-0a0b-4519-90bd-ce92d6f41518,杭州聚厉企业管理有限公司,,转增,,,1.0
e5b503a9-d91e-4882-a5b0-271e5b3084b6,浙江新中和羊毛有限公司,资产管理公司,不分配,涉嫌违反证券法律法规,,1.0
b42236db-c272-4f64-ae98-100ad00672f3,太原利泽盛远房地产开发有限公司,,现金分红,,可交换债券,
e695af15-b2c1-406f-8e9e-51644a7526d6,德州经济技术开发区建能实业有限公司,寿险公司,转增,业绩预测结果不准确或不及时,,1.0
b617c709-ee48-40d0-ae34-f8c28dcd3583,广东名鳄实业有限公司,证券公司,送股,业绩预测结果不准确或不及时,可转换债券,0.0
d80abed5-b01d-42ac-84d1-1d6ed9cba7f8,南元（宁波）置业有限公司,其它,转增,未依法履行其他职责,,1.0
bb31dd08-1472-4711-b702-c96c307b21c4,揭阳市和越实业有限公司,投资公司,转增,未及时披露公司重大事件,可转换债券,1.0
d86e1568-f5b9-452a-a9df-554a293006b8,河南蓝天新长燃气有限公司,,现金分红,未依法履行其他职责,定向工具,0.0
e8aba978-a37d-4814-a8e0-11cbe17af316,余姚市城市天然气有限公司,证券公司,,,证券公司次级债,
c239711b-8698-48a7-bfb1-31d90cfb911b,惠州市金泓投资有限公司,寿险公司,,涉嫌违反证券法律法规,,1.0
e55d41ad-4d55-40a8-aa55-679303a557ec,西咸新区中南瀚盛置业有限公司,资产管理公司,现金分红,未按时披露定期报告,中期票据,0.0
b82d984a-6aeb-460c-ad57-60952dde7993,四川雅西高速公路有限责任公司,证券公司,,,券商专项资产管理,
b9ecb670-d948-41a8-841a-ac6df68bc5d0,苏州丰东热处理技术有限公司,,,信息披露虚假或严重误导性陈述,,1.0
aea36fd0-035f-4768-8d4e-4290052eacf9,杭州滨轼企业管理有限公司,,现金分红,未及时披露公司重大事件,,0.0
bbb91ba4-4bd7-45b8-844b-55a848b7b13d,阳澄湖投资有限公司,寿险公司,,业绩预测结果不准确或不及时,,1.0
e64a38e1-1884-426d-87ae-3bb042ba6fd1,杭州滨祺企业管理有限公司,其它,,其它程序违规,证券公司次级债,1.0
c3d7ca57-6e30-487f-aa67-feab51fdb7d4,江西茂阳房地产有限公司,其它,现金分红,,超短期融资券,
e051862c-98a2-4a37-b3f6-dd65545a5ae8,浙江兴合投资有限公司,,现金分红,业绩预测结果不准确或不及时,证券公司次级债,0.0
c75b3a90-a0c4-4b64-ae48-1be9473d16eb,太原市龙城发展投资集团有限公司,资产管理公司,,,证券公司次级债,
e1cb8a71-91ea-40b0-b7c9-13eb0d7ac47a,山东经云资产管理有限公司,证券公司,,其它程序违规,,0.0
bd4958a8-57a2-46f9-a5dd-0d682c2f4f8d,景德镇市开门子房地产开发有限公司,资产管理公司,现金分红,其它程序违规,,1.0
b5d6b0f2-edcf-4b72-b430-5a902d7a8169,上海复皓实业发展有限公司,证券公司,,未依法履行其他职责,,1.0
e1a168ba-ba2e-42c7-aa75-1174eade6bc8,嘉兴钇和置业有限公司,,转增,涉嫌违反证券法律法规,券商专项资产管理,0.0
e24482bc-7966-475a-9a59-97661d8481ba,江苏思源高压开关有限公司,,转增,违规交易,,1.0
d19b50d9-72a9-4bec-a74d-d745e64350bf,浙江诸暨东都房地产开发有限公司,证券公司,,,,0.0
b9eab3fc-6c9a-4324-b93a-375a41e3c899,泾阳县裕鼎房地产开发有限公司,担保公司,,业绩预测结果不准确或不及时,证券公司次级债,1.0
ece1f0b0-9944-460b-bd9c-b30756c35315,湖州南浔鼎旭科技发展有限公司,其它,送股,其它程序违规,,1.0
d569fc40-2040-4e45-8332-09954ad317af,邻水县燃气有限责任公司,其它,送股,其它信息披露违规,券商专项资产管理,1.0
bf69c1d0-beab-4d53-85ec-9ab9daf0f952,龙岩高岭土股份有限公司,金融控股集团,不分配,未按时披露定期报告,短期融资券,1.0
ec6e2363-e3e3-4d7b-a0e5-468d99aa5691,宜宾中卉发展股份有限公司,金融控股集团,,,,0.0
efe184b3-9ace-46c2-9484-a7cc554fdd05,郑州美盛置业有限公司,其它,,信息披露虚假或严重误导性陈述,,0.0
dc3fc566-8aac-4445-be44-c175389277de,温州港集团有限公司,,,,公司债,
c09b324e-8075-441d-b1a5-6e2b2afc5e02,重庆市黔江区旅游投资开发有限公司,其它,不分配,违规交易,公司债,0.0
c0e4ff19-8c7c-4e09-a49e-dd9bce35116d,西安航融实业发展有限公司,资产管理公司,,业绩预测结果不准确或不及时,,1.0
c00066f7-b18f-4ca0-a8d8-c7c25bf20f99,西安莱鼎置业有限公司,其它,转增,,,0.0
edfccdd5-36e8-4fb6-b01b-6710eae2958a,凌飞集团有限公司,投资公司,现金分红,,,1.0
d42a679e-938a-45f8-8546-518e0e6f27e4,郑州悦江房地产开发有限公司,金融控股集团,,涉嫌违反证券法律法规,,0.0
f58c29bf-77ac-449f-92a7-b6965cfd1306,平顶山市东鑫焦化有限责任公司,证券公司,转增,,可转换债券,
f24120c8-ad09-44cd-9629-f70a3efa3cfc,杭州滨纷企业管理有限公司,证券公司,现金分红,其它程序违规,可转换债券,0.0
f0af7532-dc58-45e8-bf24-0d03bfa11ec5,重庆嘉飞置业有限公司,寿险公司,转增,,可转换债券,
eea0cb9f-4282-4c27-af12-b63e94f222f1,广东美联隔膜有限公司,其它,现金分红,,,0.0
edb47409-9fb0-40a1-a1bc-bf2ec380b0e8,海门康建科技产业园运营管理有限公司,寿险公司,,,保险公司债,
c4f688ec-d7c4-42fa-af9f-cbd8461ae102,西宁伟业房地产开发有限公司,,,未及时披露公司重大事件,,1.0
d8a6648a-ccca-48e8-8824-e9b2314afcdf,河南省力量钻石股份有限公司,投资公司,现金分红,,定向工具,
f2e97672-134b-4e22-918f-d7bdd05e2875,四川安宁铁钛股份有限公司,担保公司,,未按时披露定期报告,定向工具,0.0
f4fd349e-9361-4377-b8cc-515d21956d8c,上海鑫广科技发展集团有限公司,寿险公司,不分配,,保险公司债,
f7176607-ac85-4ab2-8bc6-b1d05c721266,太仓市仁琢置业有限公司,其它,,,券商专项资产管理,
df1c01a5-a5e3-4365-a74b-54481fb2ccae,浙江发展房地产开发有限公司,寿险公司,,违规交易,,1.0
c87cebbb-40b8-46a2-92ed-ae93471ef8ed,宁波祥源旅游开发有限公司,,现金分红,,,1.0
f220f310-7c90-42c4-9dbe-1a7b731bd0b1,固安孔雀洲房地产开发有限公司,资产管理公司,不分配,,,0.0
f619afa2-6ee8-40cc-8980-7e30107b7f9c,嵊州宾馆有限公司,,转增,信息披露虚假或严重误导性陈述,,1.0
d2107c91-e89b-4f79-88ff-4ed91bcb1110,四川迷都旅游资源开发股份有限公司,证券公司,现金分红,其它信息披露违规,,1.0
c73dff0a-8713-48c3-9251-b6984ace2ae3,眉县中南锦华房地产开发有限公司,,转增,,,1.0
ce76716d-190f-4112-8d10-4727350c1a12,新郑市裕泰轩房地产开发有限公司,,不分配,未依法履行其他职责,企业债,1.0
e19bd2d8-0fdb-427f-a07b-b8551adab81e,浙江嘉华特种尼龙有限公司,,送股,,企业债,
d8e37b82-3b5c-4e35-a420-02c5a8ad136b,成都银诚投资管理有限公司,担保公司,,,可转换债券,
e0663392-7f1f-40f2-8a10-b0dc20be26d4,烟台孚旺置业有限公司,寿险公司,现金分红,业绩预测结果不准确或不及时,,0.0
f854a1f9-7cce-4fba-bbe5-b523e0103e96,杭州震大投资有限公司,担保公司,,,,0.0
f78d9e7e-3188-4141-894a-f3ae5b685891,杭州贵宇投资管理有限公司,其它,,业绩预测结果不准确或不及时,中期票据,0.0
d47406c5-bea2-4822-bc08-c5fe26fec920,南昌金沃房地产开发有限公司,金融控股集团,,,短期融资券,
f9f604f4-d636-449c-b709-c119dde58d15,福州市乾茂投资有限公司,其它,转增,,,1.0
d1f63c1f-b6ee-40f6-8d6a-1c2cd8d14669,孟州市金玉米有限责任公司,投资公司,,,,0.0
e0ac8b46-5ed9-42a2-96d9-6ec9397e084b,成都通瑞置业有限公司,,,未按时披露定期报告,,0.0
fd4a3e3b-f67f-4629-bad9-a0c8e2ecc2cc,宁波凯铭置业有限公司,投资公司,,,超短期融资券,
d587287e-a1a5-49cd-87fc-caf6cc899f70,苏州美生美置业有限公司,资产管理公司,,未依法履行其他职责,券商专项资产管理,0.0
d08ff984-59e2-412a-bc45-7377e58f42b3,石家庄市财茂投资开发有限责任公司,其它,现金分红,其它信息披露违规,定向工具,1.0
e3584d5a-df3c-4011-b497-276926915b2f,宝鸡锦灏源置业有限公司,其它,,其它程序违规,超短期融资券,0.0
d3d0bb23-d351-48a8-a347-119457dd8389,广东洪兴实业股份有限公司,担保公司,,涉嫌违反证券法律法规,券商专项资产管理,0.0
e3a07285-4553-45c9-ad5d-4a74892b1dfb,北京乾远置业有限公司,,,,,0.0
e40df796-c8b8-4835-8b1f-aadc7c4e9f2b,宁波梅西滚装码头有限公司,,,违规交易,可交换债券,1.0
fb2c6327-1363-4ee6-b578-01cd8c07fb77,山西聚源煤化有限公司,证券公司,,其它信息披露违规,证券公司次级债,0.0
e4b707c2-f29b-404e-8348-c2317d7234a2,厦门市丰预泰产业园管理有限公司,,,其它信息披露违规,券商专项资产管理,0.0
ea3ee12d-0165-4dd7-8e52-1e1f7dbcde7e,深圳康悦实业有限公司,,,未按时披露定期报告,,1.0
fd0325ec-bbf7-43eb-abd1-e63a3d2d5667,上海同桓投资管理有限公司,担保公司,送股,其它程序违规,超短期融资券,0.0
e7a94e62-8d17-49e2-ad95-613dc25ef2c2,苏州环秀湖旅游发展有限公司,资产管理公司,现金分红,其它信息披露违规,,1.0
eb69ee9d-2671-4e0c-96b4-aff41b2db51e,江苏九牧云程置业有限公司,担保公司,,未按时披露定期报告,企业债,0.0
e86656de-318b-4e50-beed-02756faa6740,咸阳万森泉房地产开发有限公司,投资公司,送股,,,0.0
ea1f7238-9422-489e-a672-1abd33ff0db0,夏邑县发展投资有限责任公司,投资公司,转增,,,0.0
df8b6645-e9a0-4113-8446-c822f32bf92d,青岛海宸房地产开发有限公司,投资公司,,其它信息披露违规,企业债,0.0
e12ab92f-b8cf-440c-8bd3-f80b2d0e01f9,无锡百年通工业输送有限公司,金融控股集团,,,保险公司债,
edc5b3df-fcd7-4e50-bca3-20d11cde08f2,东阳市长征投资开发有限公司,担保公司,送股,,证券公司次级债,
f164f660-c8c1-4353-a82a-f8cb16adb8bf,苏州天然气管网有限公司,证券公司,现金分红,,短期融资券,
f5f3f258-e117-412b-9016-ed6fee769b0b,浙江运发文化发展有限公司,,不分配,信息披露虚假或严重误导性陈述,公司债,0.0
db426c59-4e2b-46af-a75b-771ed20c2013,西安紫薇投资发展有限公司,担保公司,不分配,信息披露虚假或严重误导性陈述,,1.0
f22f1632-77fd-4765-bf6c-eb409e7ba5c2,山东扬润营造房地产开发有限责任公司,,,信息披露虚假或严重误导性陈述,,1.0
f8402708-113f-4f07-97ae-d7941f6f89e0,重庆灿瑞置业有限公司,证券公司,转增,其它信息披露违规,,1.0
ea2cae30-cea3-4dd6-ad73-fb43ebf1519d,河北怀特集团股份有限公司,担保公司,现金分红,,券商专项资产管理,
e61b06a9-dd01-4148-9e7a-2b1a64c2eba9,重庆日报报业集团产业有限责任公司,,现金分红,,,0.0
f98312e8-d699-4469-b5a6-ad67ea966c1f,福建正祥投资集团有限公司,寿险公司,,,可交换债券,
f7e808d5-0a8e-4c2a-acaf-2c00eef78662,舍弗勒（中国）有限公司,,,未依法履行其他职责,,1.0
faa2e96f-f54c-4585-913e-416b18bc1152,浙江五芳斋实业股份有限公司,寿险公司,,未及时披露公司重大事件,,1.0
fc677171-47b8-42d1-98e1-588ff8147eef,苏州裕全置地有限公司,其它,,,,0.0
e5dd87bc-aabb-4b18-b572-6e8914167373,台塑工业（宁波）有限公司,其它,现金分红,,超短期融资券,
fc98b8e9-7c64-42ce-a106-a45adb6da65e,山东万山集团有限公司,寿险公司,,未及时披露公司重大事件,企业债,1.0
fdd0ad88-6ec5-419b-9f58-48be460eb372,牧田（中国）有限公司,证券公司,现金分红,业绩预测结果不准确或不及时,证券公司次级债,1.0
fef41582-7e8e-4a88-ba58-d4023f167a40,固安孔雀海房地产开发有限公司,投资公司,,信息披露虚假或严重误导性陈述,保险公司债,0.0
ec06e703-c6ca-43be-9e45-a28fa18d3ed9,江西祺阳房地产有限公司,寿险公司,不分配,未依法履行其他职责,,1.0
f3c1df5c-f4d0-433d-b515-325d653b4b49,奉新县发展投资集团有限公司,投资公司,转增,,,0.0
f60d32c4-f3ef-43a3-973e-64e5d0932fe3,杭州滨奇投资管理有限公司,资产管理公司,转增,,可转换债券,
f6386131-405f-4d2a-b9e7-1177fa9f6bb3,达州发展（控股）有限责任公司,投资公司,送股,,超短期融资券,
09fa018f-7bc5-40a2-9168-6ed2bf258052,江苏国信股份有限公司,金融控股集团,现金分红,违规交易,,0.0
2b815c55-af0d-4c23-a5dc-30e1fcb0ff99,北京万邦达环保技术股份有限公司,,送股,信息披露虚假或严重误导性陈述,,0.0
06d4a610-2598-4428-a7d7-7970252b1756,江西省百乐米业股份有限公司,其它,不分配,,,0.0
063ade5f-180b-4a3d-8241-8b52cc80256a,安徽盛运环保（集团）股份有限公司,其它,转增,其它程序违规,超短期融资券,0.0
2b63d6db-9772-435a-a2f8-cf803e3c4b55,协鑫集成科技股份有限公司,资产管理公司,,,,0.0
17dd62a5-fc1a-4287-a47f-b4d6888ac923,印纪娱乐传媒股份有限公司,寿险公司,,业绩预测结果不准确或不及时,保险公司债,1.0
0c1ff1b5-d8d4-4073-88a1-86fbed4f29eb,吉林利源精制股份有限公司,寿险公司,,,短期融资券,
3a42d89b-fc65-43d8-905d-78e745bd0b14,北汽福田汽车股份有限公司,担保公司,现金分红,,,0.0
23697846-f546-4410-8ee7-93626f255f0e,大连天宝绿色食品股份有限公司,,,,,0.0
3bab960d-0fac-4cf3-a799-d4895182ea3f,福建众和股份有限公司,,转增,未按时披露定期报告,定向工具,1.0
2d239bbc-3c94-4a53-9e5f-86d8afc3d4dc,国机重型装备集团股份有限公司,证券公司,转增,,,0.0
2f9356e1-3e57-48bd-81cb-2b6dc78a3aed,东方金钰股份有限公司,,,,中期票据,
3927a66c-6464-4bf9-8cff-cfa5bcfd2256,邦讯技术股份有限公司,金融控股集团,现金分红,违规交易,超短期融资券,1.0
380ae86a-5208-4262-ae1f-e4523638a658,江西长运股份有限公司,投资公司,转增,业绩预测结果不准确或不及时,,1.0
27b7ad44-aa6e-4748-bc01-28c4ce5b5047,沈阳机床股份有限公司,资产管理公司,,,公司债,
17fe4311-0b60-45a4-b41c-4da326171980,瑞茂通供应链管理股份有限公司,证券公司,,违规交易,可转换债券,0.0
47f80fe8-650d-4f9b-b3a2-38f4bb31fd69,云南云维股份有限公司,资产管理公司,不分配,违规交易,证券公司次级债,0.0
431d3156-aaa1-44ac-b88e-e4fddbcd810a,正源控股股份有限公司,担保公司,,,,0.0
0e5d524b-7904-49e3-a719-33196ec46531,贵州森瑞管业有限公司,,转增,,,0.0
409a89f4-33b7-4b91-b9d0-8694d3c094db,贵州长征天成控股股份有限公司,寿险公司,,其它程序违规,企业债,0.0
4bee6f5f-7ad2-4f1f-bde9-553322ec6ebc,四川升达林业产业股份有限公司,证券公司,现金分红,其它信息披露违规,超短期融资券,0.0
517bd8cd-5ccc-4db1-a874-9bf9363f7aef,派芬自控（上海）股份有限公司,证券公司,送股,涉嫌违反证券法律法规,,0.0
126c9d10-e77f-47b9-a36e-0502ec4a2902,山东东方海洋科技股份有限公司,,不分配,未依法履行其他职责,券商专项资产管理,1.0
2da24902-fc66-4a87-baa5-68132343d545,湖北宜化化工股份有限公司,,,信息披露虚假或严重误导性陈述,,1.0
5db4a5ed-776b-46a5-a129-648a6f47de34,中国人寿保险股份有限公司,担保公司,送股,未及时披露公司重大事件,,0.0
2b8ebf9b-3f28-4104-9775-43f0222ae39e,广州南菱汽车股份有限公司,,,涉嫌违反证券法律法规,可交换债券,0.0
289d7cce-df96-4e32-a206-172e778e3de3,哈尔滨秋林集团股份有限公司,投资公司,转增,,,0.0
70c89968-fc0b-4c33-a5ff-c8ce01f0eaa6,庞大汽贸集团股份有限公司,,,,证券公司次级债,
1ab7f05b-c620-48d3-88cd-e80f05e48d01,北京凯文德信教育科技股份有限公司,,,,保险公司债,
3d04361c-30bf-433e-bcc0-f8988ef13518,山西漳泽电力股份有限公司,寿险公司,,未依法履行其他职责,,0.0
36c54c5b-d7c7-4375-8fa5-a45908200907,天地源股份有限公司,金融控股集团,现金分红,信息披露虚假或严重误导性陈述,,0.0
62903153-413a-40a4-867c-5bc6bbee9699,北京凯英信业科技股份有限公司,其它,,业绩预测结果不准确或不及时,,1.0
9fc4988c-d4db-42ca-b739-dcb67c79658f,东莞勤上光电股份有限公司,,送股,,短期融资券,
8b3e85d0-e7fe-4ece-ae27-78c78eaaa42a,华锐风电科技（集团）股份有限公司,投资公司,现金分红,,超短期融资券,
74823bf7-5963-4884-bfdc-1b9fc1ae445e,北京金一文化发展股份有限公司,寿险公司,,涉嫌违反证券法律法规,公司债,0.0
1d550104-cfb9-4fca-8ec6-4fb4ed00ed10,天马轴承集团股份有限公司,资产管理公司,现金分红,未依法履行其他职责,,0.0
7d41454e-b1dc-40bb-9033-1bf34b81f46b,江苏宏图高科技股份有限公司,寿险公司,,违规交易,超短期融资券,0.0
302300ff-5462-4f88-b049-f4ce0b39a77d,重庆钢铁股份有限公司,担保公司,,,保险公司债,
9201f70d-7764-4f8f-b9a4-e671aec9f709,北京华谊嘉信整合营销顾问集团股份有限公司,,现金分红,其它程序违规,证券公司次级债,1.0
32420a55-9eb8-45b7-bcca-9d31b200b182,雏鹰农牧集团股份有限公司,,不分配,业绩预测结果不准确或不及时,,1.0
4e83ff65-525c-49bd-a702-dc288ee36638,新疆北新路桥集团股份有限公司,投资公司,现金分红,未按时披露定期报告,,0.0
4b83885d-9137-422f-b2c3-d0f1e0219663,新大洲控股股份有限公司,担保公司,不分配,未及时披露公司重大事件,超短期融资券,0.0
4e2ee877-31f4-42d5-9de8-6ccc6b4afcfc,南京纺织品进出口股份有限公司,寿险公司,,,保险公司债,
88e03d57-c1ab-4fd2-a438-85db61739dd6,北讯集团股份有限公司,担保公司,,违规交易,企业债,1.0
57da4be3-6ba4-4268-a8e3-7f85f22613b5,银基烯碳新材料集团股份有限公司,寿险公司,,,,0.0
7685cc6f-b6f5-4baa-af01-6ee235f12624,东海证券股份有限公司,投资公司,送股,,证券公司次级债,
4913f7eb-00fb-44e9-9c2c-b0d4be6e96f7,甘肃宏良皮业股份有限公司,担保公司,,未依法履行其他职责,企业债,0.0
a7d03f99-dad7-42cd-9fca-f6b2864ccf5f,北京蓝天瑞德环保技术股份有限公司,证券公司,,未及时披露公司重大事件,保险公司债,0.0
a4565930-9af4-4c14-bb4f-6dc64a91b8da,安阳钢铁股份有限公司,其它,转增,,公司债,
52b302f2-e7b4-4128-8b77-b1e8cfa8f2c1,渤海租赁股份有限公司,金融控股集团,,,证券公司次级债,
e0067736-4228-4bae-88f0-f31f84264369,深圳市新纶科技股份有限公司,金融控股集团,,,,1.0
507a450d-12d1-401f-b0ed-5975bcd3d7e7,上海世茂股份有限公司,其它,,,证券公司次级债,
1e5598ed-f504-4c43-a75e-63b5759e6e40,中铁高新工业股份有限公司,证券公司,现金分红,,短期融资券,
4d2b7514-bc13-4c00-89d7-cd6300a2d4cd,中海阳能源集团股份有限公司,其它,,涉嫌违反证券法律法规,,1.0
931cdaae-91b1-4d1e-8600-114cb2ba922e,凯迪生态环境科技股份有限公司,,,,,0.0
6533487f-b00e-4fe3-a0f6-fd5840f96ec8,深圳市索菱实业股份有限公司,投资公司,,其它信息披露违规,定向工具,0.0
93c04fd4-4fa0-436f-aa68-abe71902b73b,深圳市深装总装饰股份有限公司,,转增,其它信息披露违规,可交换债券,1.0
b13a9104-3eb5-48f0-8e51-4a991417c623,华昌达智能装备集团股份有限公司,其它,转增,其它程序违规,,1.0
b55b4519-b1ac-48d1-98b0-ed2a66740bb2,成都天翔环境股份有限公司,投资公司,现金分红,,公司债,
6c905712-d269-477e-965a-488365e94a9c,永泰能源股份有限公司,其它,,,券商专项资产管理,
f4022626-d693-483f-a835-70fb69e63749,中南红文化集团股份有限公司,投资公司,,,,0.0
6dade2f5-6901-4206-87d8-09d29d3445c8,安徽白兔湖动力股份有限公司,,,涉嫌违反证券法律法规,,1.0
9626bebd-3834-4695-b5d1-dfde9aad5c9b,华仪电气股份有限公司,,,未及时披露公司重大事件,公司债,0.0
9201e3bb-822c-4286-9e80-fbf7e7f229a4,广州粤泰集团股份有限公司,,转增,违规交易,中期票据,0.0
6f4a5a74-5875-4ba0-a4d2-df2447c7cca7,中安科股份有限公司,,,,公司债,
b5987b22-90ce-4a38-a588-2f92329c2fa3,东风汽车股份有限公司,资产管理公司,,,企业债,
5f9fde41-d34a-485a-b742-dd01e627bedd,中国银河证券股份有限公司,担保公司,转增,涉嫌违反证券法律法规,证券公司次级债,0.0
5dec59e3-2021-4bfb-892f-3f0ed41f59d5,乐视网信息技术（北京）股份有限公司,投资公司,,业绩预测结果不准确或不及时,可交换债券,1.0
6ecbd578-0052-43fa-af43-d59472981d21,江苏保千里视像科技集团股份有限公司,担保公司,送股,业绩预测结果不准确或不及时,,0.0
f3c5b26d-8e5a-45c8-8204-a9b8df2838ba,冠福控股股份有限公司,,,,,0.0
2b454517-8189-40d2-93ac-74b06e4366d0,大连东霖食品股份有限公司,寿险公司,,,超短期融资券,
9f475905-60e7-465b-a3ba-f889d5c983f8,甘肃刚泰控股（集团）股份有限公司,投资公司,,其它信息披露违规,可转换债券,0.0
9ebace54-7324-475b-afd1-db975c1a504e,山东龙力生物科技股份有限公司,,,其它信息披露违规,可交换债券,0.0
c8911d61-57b7-49bb-b829-2eb664c8c562,云南路桥股份有限公司,金融控股集团,不分配,其它程序违规,,1.0
7d172ba6-a310-4221-a66a-653f1f47c63d,金洲慈航集团股份有限公司,投资公司,不分配,未及时披露公司重大事件,券商专项资产管理,0.0
d6618d14-f690-48d2-9191-475c236cdc80,康得新复合材料集团股份有限公司,担保公司,送股,,企业债,
bb8890d1-1666-4542-805e-4b18526f3c64,暴风集团股份有限公司,,不分配,其它信息披露违规,,1.0
ab7d3d7c-9782-4ea7-a895-2450feb778e7,多氟多化工股份有限公司,资产管理公司,,其它程序违规,超短期融资券,0.0
de1c8068-2b70-449f-9b0b-f04f8de59b63,德兴市源森红花茶油有限公司,担保公司,,涉嫌违反证券法律法规,超短期融资券,0.0
ada5e22a-0274-4267-8268-a066b667d67b,河南中孚实业股份有限公司,金融控股集团,,其它信息披露违规,可交换债券,1.0
d5489767-e9ba-4f69-a231-958b906a7bb2,荣盛房地产发展股份有限公司,寿险公司,现金分红,,券商专项资产管理,
6ff55a3a-20e8-4fee-ac0a-fa7924bbba0c,中成新星油田工程技术服务股份有限公司,,不分配,,,0.0
733c78a4-13c2-465f-bf82-707ffee3e275,神雾环保技术股份有限公司,担保公司,转增,,定向工具,
dfbd6397-06a4-4019-be2d-6746262fbc08,北京嘉寓门窗幕墙股份有限公司,,转增,,,1.0
a7a2c2f8-42ba-4e47-8992-3d5c5b2835de,林州重机集团股份有限公司,投资公司,不分配,,,1.0
dfe25d3f-5e74-4a71-b09f-7fb74b42b363,深圳市飞马国际供应链股份有限公司,,,,,1.0
9ba0026f-eb84-44b2-8eef-7b7821d5b051,甘肃华协农业生物科技股份有限公司,担保公司,,,定向工具,
a1f143df-047f-4cf0-8a59-01a945398f3d,长江精工钢结构（集团）股份有限公司,投资公司,,,券商专项资产管理,
ff1c4188-b184-4678-839a-a7f3d0501bd3,广东文化长城集团股份有限公司,,,,公司债,
9f5b9992-96ae-4907-9fc0-81c4d7e54201,金鸿控股集团股份有限公司,其它,,未依法履行其他职责,公司债,0.0
be8263b2-da16-4026-82a5-effe68757f1c,重庆建工集团股份有限公司,金融控股集团,转增,其它程序违规,,1.0
e309a2ad-bf29-4799-98a3-666871d25bee,重庆广建装饰股份有限公司,资产管理公司,,,企业债,
eea7d66c-1fba-455e-817b-cc004a2bad50,深圳市中装设计装饰工程有限公司,金融控股集团,,,,1.0
b4eebfa2-8530-4a95-aa8b-dc3e8a480f47,辅仁药业集团制药股份有限公司,资产管理公司,,,,0.0
9e5c6f53-de04-42d4-8769-bb701faee875,浩蓝环保股份有限公司,寿险公司,,,证券公司次级债,
f36e0da3-4527-486f-8fdb-eeaa9703c01e,深圳市怡亚通商贸有限公司,寿险公司,转增,,公司债,
dae82aaf-9482-414d-a016-49dd230a93cd,郴州市金贵银业股份有限公司,其它,送股,涉嫌违反证券法律法规,,0.0
e1942dfc-004d-4a44-8529-47e4d259650c,北京华业资本控股股份有限公司,,,信息披露虚假或严重误导性陈述,定向工具,0.0
a6cd52b0-2ef1-4a9e-8a3b-9e8a872a4701,博天环境集团股份有限公司,证券公司,转增,未及时披露公司重大事件,,1.0
bf696e37-6d80-4777-98ac-153d977e0277,哈尔滨工大高新技术产业开发股份有限公司,金融控股集团,不分配,其它程序违规,,1.0
fece03dc-b7c7-4964-9982-4b7316800385,泰禾集团股份有限公司,,,,,0.0
c7b06590-9786-49bd-9e79-acb8f92b6b41,西安华新新能源股份有限公司,金融控股集团,不分配,其它信息披露违规,可转换债券,1.0
f8b38ca8-20c2-4b1f-a4c6-0071e0e70e9c,安通控股股份有限公司,寿险公司,现金分红,,中期票据,
c6a888ee-535b-413a-b269-e2636275f6f7,沈阳惠天热电股份有限公司,,现金分红,,公司债,
ca7ef7c4-ad85-4819-a439-fe642af258a1,中国石油化工股份有限公司,,,,公司债,
ccbcf5d8-f94d-46f4-9bd1-f74480630061,浙江亚厦装饰股份有限公司,担保公司,不分配,,,1.0
f7206d68-6597-4f60-ba4d-499c2a2ac9d1,金正大生态工程集团股份有限公司,资产管理公司,送股,未依法履行其他职责,证券公司次级债,0.0
